{
  "id": 14261867,
  "name": "8-Claws Scorpion",
  "is_illegal": false,
  "is_custom": false,
  "text": "Once per turn, you can flip this card into face-down Defense Position. When this card attacks an opponent\u0027s face-down Defense Position monster, this card\u0027s ATK becomes 2400 during damage calculation only.",
  "images": [
    "https://images.ygoprodeck.com/images/cards/14261867.jpg"
  ],
  "type": "Monster",
  "attribute": "DARK",
  "atk": 300,
  "species": "Insect",
  "monster_type": "",
  "is_pendulum": false,
  "ability": "",
  "has_effect": true,
  "def": 200,
  "level": 2,
  "is_tuner": false
}