{
  "id": 90861137,
  "name": "\"Infernoble Arms - Joyeuse\"",
  "is_illegal": false,
  "is_custom": false,
  "text": "While this card is equipped to a monster: You can target 1 FIRE Warrior monster in your GY; add it to your hand, then destroy this card. If this card is sent to the GY because the equipped monster is sent to the GY: You can Special Summon 1 FIRE Warrior monster from your hand. You can only use 1 \"\"Infernoble Arms - Joyeuse\"\" effect per turn, and only once that turn.",
  "images": [
    "https://images.ygoprodeck.com/images/cards/90861137.jpg"
  ],
  "type": "Spell",
  "spell_type": "Equip"
}