{
  "id": 37478723,
  "name": "\"Infernoble Arms - Durendal\"",
  "is_illegal": false,
  "is_custom": false,
  "text": "While this card is equipped to a monster: You can add 1 Level 5 or lower FIRE Warrior monster from your Deck to your hand, then destroy this card. If this card is sent to the GY because the equipped monster is sent to the GY: You can target 1 Level 5 or lower FIRE Warrior monster in your GY; Special Summon it, also you cannot Special Summon monsters for the rest of the turn, except Warrior monsters. You can only use 1 \"\"Infernoble Arms - Durendal\"\" effect per turn, and only once that turn.",
  "images": [
    "https://images.ygoprodeck.com/images/cards/37478723.jpg"
  ],
  "type": "Spell",
  "spell_type": "Equip"
}