{
  "id": 64867422,
  "name": "\"Infernoble Arms - Hauteclere\"",
  "is_illegal": false,
  "is_custom": false,
  "text": "While this card is equipped to a monster: You can target 1 face-up monster you control; this turn, you cannot declare attacks, except with that monster, also it gains the ability this turn to make a second attack during each Battle Phase, then destroy this card. If this card is sent to the GY because the equipped monster is sent to the GY: You can target 1 face-up monster on the field; destroy it. You can only use 1 \"\"Infernoble Arms - Hauteclere\"\" effect per turn, and only once that turn.",
  "images": [
    "https://images.ygoprodeck.com/images/cards/64867422.jpg"
  ],
  "type": "Spell",
  "spell_type": "Equip"
}