{
  "id": 30012506,
  "name": "A-Assault Core",
  "is_illegal": false,
  "is_custom": false,
  "text": "Once per turn, you can either: Target 1 LIGHT Machine monster you control; equip this card to that target, OR: Unequip this card and Special Summon it. A monster equipped with this card is unaffected by your opponent\u0027s monster effects (except its own), also if the equipped monster would be destroyed by battle or card effect, destroy this card instead. If this card is sent from the field to the GY: You can add 1 other Union monster from your GY to your hand.",
  "images": [
    "https://images.ygoprodeck.com/images/cards/30012506.jpg"
  ],
  "type": "Monster",
  "attribute": "LIGHT",
  "atk": 1900,
  "species": "Machine",
  "monster_type": "",
  "is_pendulum": false,
  "ability": "Union",
  "has_effect": true,
  "def": 200,
  "level": 4,
  "is_tuner": false
}