{
  "id": 24140059,
  "name": "A Cat of Ill Omen",
  "is_illegal": false,
  "is_custom": false,
  "text": "FLIP: Choose 1 Trap from your Deck and place it on top of your Deck, or, if \"Necrovalley\" is on the field, you can add that Trap to your hand instead.",
  "images": [
    "https://images.ygoprodeck.com/images/cards/24140059.jpg"
  ],
  "type": "Monster",
  "attribute": "DARK",
  "atk": 500,
  "species": "Beast",
  "monster_type": "",
  "is_pendulum": false,
  "ability": "Flip",
  "has_effect": true,
  "def": 300,
  "level": 2,
  "is_tuner": false
}