{
  "id": 96146814,
  "name": "A/D Changer",
  "is_illegal": false,
  "is_custom": false,
  "text": "You can banish this card from your Graveyard, then target 1 monster on the field; change its battle position.",
  "images": [
    "https://images.ygoprodeck.com/images/cards/96146814.jpg"
  ],
  "type": "Monster",
  "attribute": "LIGHT",
  "atk": 100,
  "species": "Warrior",
  "monster_type": "",
  "is_pendulum": false,
  "ability": "",
  "has_effect": true,
  "def": 100,
  "level": 1,
  "is_tuner": false
}