{
  "id": 28645123,
  "name": "A.I. Challenge You",
  "is_illegal": false,
  "is_custom": false,
  "text": "Monsters your opponent controls lose 100 ATK for each card you control. If your \"@Ignister\" monster battles, your opponent cannot activate cards or effects until the end of the Damage Step. When your \"@Ignister\" monster is destroyed by battle: You can target 1 other Cyberse monster with 2300 ATK in your GY; Special Summon it. You can only use this effect of \"A.I. Challenge You\" once per turn.",
  "images": [
    "https://images.ygoprodeck.com/images/cards/28645123.jpg"
  ],
  "type": "Trap",
  "trap_type": "Continuous"
}