{
  "id": 85327820,
  "name": "A.I.\u0027s Ritual",
  "is_illegal": false,
  "is_custom": false,
  "text": "This card can be used to Ritual Summon any Cyberse Ritual Monster. You must also Tribute \"@Ignister\" monsters from your hand or field whose total Levels equal or exceed the Level of the Ritual Monster you Ritual Summon. If you control an \"@Ignister\" monster when this effect is activated, you can also use \"@Ignister\" monster(s) in your GY, by banishing them.",
  "images": [
    "https://images.ygoprodeck.com/images/cards/85327820.jpg"
  ],
  "type": "Spell",
  "spell_type": "Ritual"
}