{
  "id": 59332125,
  "name": "A.I. Love Fusion",
  "is_illegal": false,
  "is_custom": false,
  "text": "Fusion Summon 1 Cyberse Fusion Monster from your Extra Deck, using monsters from your hand or field as Fusion Material. If you use your \"@Ignister\" monster as Fusion Material, you can also use 1 Link Monster your opponent controls as material. You can only activate 1 \"A.I. Love Fusion\" per turn.",
  "images": [
    "https://images.ygoprodeck.com/images/cards/59332125.jpg"
  ],
  "type": "Spell",
  "spell_type": "Normal"
}