{
  "id": 54374642,
  "name": "A.I.\u0027s Show",
  "is_illegal": false,
  "is_custom": false,
  "text": "While you control a Link-3 or higher \"@Ignister\" monster in the Extra Monster Zone, when an opponent\u0027s monster declares an attack: Special Summon from your Extra Deck any number of non-Link Cyberse monster(s) with 2300 ATK, whose combined ATK is less than or equal to the attacking monster\u0027s ATK, then end the Battle Phase.",
  "images": [
    "https://images.ygoprodeck.com/images/cards/54374642.jpg"
  ],
  "type": "Trap",
  "trap_type": "Normal"
}