{
  "id": 6552971,
  "name": "A.I. Meet You",
  "is_illegal": false,
  "is_custom": false,
  "text": "Reveal 1 Cyberse monster with 2300 ATK in your hand or Extra Deck, and add 1 \"@Ignister\" monster with the same Attribute from your Deck to your hand. During the End Phase of this turn, take 2300 damage if you did not Special Summon the revealed monster, or a monster with the same name, after you resolved this effect. You cannot activate monster effects for the rest of this turn after this card resolves, except Cyberse monsters. You can only activate 1 \"A.I. Meet You\" per turn.",
  "images": [
    "https://images.ygoprodeck.com/images/cards/6552971.jpg"
  ],
  "type": "Spell",
  "spell_type": "Normal"
}