{
  "id": 51351302,
  "name": "A Man with Wdjat",
  "is_illegal": false,
  "is_custom": false,
  "text": "When you Normal Summon this card, and during each of your Standby Phases, select 1 Set card on your opponent\u0027s side of the field. Pick it up and look at it, then return it to its original position.",
  "images": [
    "https://images.ygoprodeck.com/images/cards/51351302.jpg"
  ],
  "type": "Monster",
  "attribute": "DARK",
  "atk": 1600,
  "species": "Spellcaster",
  "monster_type": "",
  "is_pendulum": false,
  "ability": "",
  "has_effect": true,
  "def": 1600,
  "level": 4,
  "is_tuner": false
}