{
  "id": 44553392,
  "name": "A Shattered, Colorless Realm",
  "is_illegal": false,
  "is_custom": false,
  "text": "If \"Vicious Astraloud\" is on the field: Target 1 card on the field; destroy it, then, if the destroyed card\u0027s original name was \"Vicious Astraloud\", you can Special Summon 1 of your banished \"Visas Starfrost\", or if it was not, you can make 1 \"Vicious Astraloud\" you control gain 1500 ATK.",
  "images": [
    "https://images.ygoprodeck.com/images/cards/44553392.jpg"
  ],
  "type": "Trap",
  "trap_type": "Normal"
}