{
  "id": 23587624,
  "name": "A Wild Monster Appears!",
  "is_illegal": false,
  "is_custom": false,
  "text": "If your opponent controls a monster and you control no monsters: Special Summon from your hand, 1 monster with an original Level of 10 or lower that cannot be Normal Summoned/Set, ignoring its Summoning conditions. It is unaffected by the effects of your cards, except for its own effects and this card\u0027s, also shuffle it into the Deck during your opponent\u0027s next End Phase. For the rest of this turn, you cannot Normal Summon/Set or Special Summon monsters, and your opponent takes no damage.",
  "images": [
    "https://images.ygoprodeck.com/images/cards/23587624.jpg"
  ],
  "type": "Spell",
  "spell_type": "Normal"
}