{
  "id": 89718302,
  "name": "Abare Ushioni",
  "is_illegal": false,
  "is_custom": false,
  "text": "Once per turn, you can toss a coin and call it. If you call it right, inflict 1000 damage to your opponent. If you call it wrong, you take 1000 damage.",
  "images": [
    "https://images.ygoprodeck.com/images/cards/89718302.jpg"
  ],
  "type": "Monster",
  "attribute": "EARTH",
  "atk": 1200,
  "species": "Beast-Warrior",
  "monster_type": "",
  "is_pendulum": false,
  "ability": "",
  "has_effect": true,
  "def": 1200,
  "level": 4,
  "is_tuner": false
}