{
  "id": 80801743,
  "name": "Abominable Chamber of the Unchained",
  "is_illegal": false,
  "is_custom": false,
  "text": "Special Summon 1 \"Unchained\" monster from your hand or GY. If this Set card is destroyed by card effect: You can Special Summon 1 \"Unchained\" monster from your Deck. You can only use each effect of \"Abominable Chamber of the Unchained\" once per turn.",
  "images": [
    "https://images.ygoprodeck.com/images/cards/80801743.jpg"
  ],
  "type": "Trap",
  "trap_type": "Normal"
}