{
  "id": 60990740,
  "name": "Absolute King Back Jack",
  "is_illegal": false,
  "is_custom": false,
  "text": "During your opponent\u0027s turn (Quick Effect): You can banish this card from the GY; excavate the top card of your Deck, and if it is a Normal Trap, Set it to your field. Otherwise, send it to the GY. That Set card can be activated during this turn. If this card is sent to the GY: You can look at 3 cards from the top of your Deck, then place them on the top of the Deck in any order. You can only use each effect of \"Absolute King Back Jack\" once per turn.",
  "images": [
    "https://images.ygoprodeck.com/images/cards/60990740.jpg"
  ],
  "type": "Monster",
  "attribute": "DARK",
  "atk": 0,
  "species": "Fiend",
  "monster_type": "",
  "is_pendulum": false,
  "ability": "",
  "has_effect": true,
  "def": 0,
  "level": 1,
  "is_tuner": false
}