{
  "id": 49771608,
  "name": "Absorbing Kid from the Sky",
  "is_illegal": false,
  "is_custom": false,
  "text": "When this card destroys a monster and sends it to the Graveyard as a result of battle, increase your Life Points by the Level of the destroyed monster x 300 points.",
  "images": [
    "https://images.ygoprodeck.com/images/cards/49771608.jpg"
  ],
  "type": "Monster",
  "attribute": "LIGHT",
  "atk": 1300,
  "species": "Fairy",
  "monster_type": "",
  "is_pendulum": false,
  "ability": "",
  "has_effect": true,
  "def": 1000,
  "level": 4,
  "is_tuner": false
}