{
  "id": 51779204,
  "name": "Absolute Powerforce",
  "is_illegal": false,
  "is_custom": false,
  "text": "Target 1 \"Red Dragon Archfiend\" you control; if it battles an opponent's monster this turn while you control it, apply these effects until the end of the Damage Step.\r\n\u25cf It gains 1000 ATK.\r\n\u25cf Your opponent cannot activate cards or effects.\r\n\u25cf If it attacks a Defense Position monster, inflict piercing battle damage to your opponent.\r\n\u25cf Any battle damage your opponent takes from that battle is doubled.",
  "images": ["https://images.ygoprodeck.com/images/cards/51779204.jpg"],
  "type": "Spell",
  "spell_type": "Quick-Play"
}
