{
  "id": 70832512,
  "name": "Absolute Crusader",
  "is_illegal": false,
  "is_custom": false,
  "text": "If a Level 5 or higher monster(s) is Special Summoned: Tribute this face-up card; destroy that Level 5 or higher monster(s).",
  "images": [
    "https://images.ygoprodeck.com/images/cards/70832512.jpg"
  ],
  "type": "Monster",
  "attribute": "EARTH",
  "atk": 1800,
  "species": "Warrior",
  "monster_type": "",
  "is_pendulum": false,
  "ability": "",
  "has_effect": true,
  "def": 1200,
  "level": 4,
  "is_tuner": false
}