{
  "id": 3900605,
  "name": "Absorbing Jar",
  "is_illegal": false,
  "is_custom": false,
  "text": "FLIP: Destroy all Set Spell/Trap Cards on the field, then each player draws 1 card for each of the cards they controlled that was destroyed by this effect. You cannot Set any cards this turn.",
  "images": [
    "https://images.ygoprodeck.com/images/cards/3900605.jpg"
  ],
  "type": "Monster",
  "attribute": "EARTH",
  "atk": 600,
  "species": "Rock",
  "monster_type": "",
  "is_pendulum": false,
  "ability": "Flip",
  "has_effect": true,
  "def": 500,
  "level": 3,
  "is_tuner": false
}