{
  "id": 44179224,
  "name": "Abyss Actor - Curtain Raiser",
  "is_illegal": false,
  "is_custom": false,
  "text": "Gains 1100 ATK if you control no other monsters. Once per turn: You can send 1 \"Abyss Script\" Spell from your Deck to the GY; add 1 face-up \"Abyss Actor\" Pendulum Monster from your Extra Deck to your hand.",
  "images": [
    "https://images.ygoprodeck.com/images/cards/44179224.jpg"
  ],
  "type": "Monster",
  "attribute": "DARK",
  "atk": 1100,
  "species": "Fiend",
  "monster_type": "",
  "is_pendulum": true,
  "ability": "",
  "has_effect": true,
  "def": 1000,
  "level": 4,
  "is_tuner": false,
  "pendulum_text": "If you control no monsters: You can Special Summon this card from your Pendulum Zone. You can only use this effect of \"Abyss Actor - Curtain Raiser\" once per Duel.\n",
  "pendulum_scale_left_blue": 7,
  "pendulum_scale_right_red": 7
}