{
  "id": 18318842,
  "name": "Abyss Soldier",
  "is_illegal": false,
  "is_custom": false,
  "text": "Once per turn: You can discard 1 WATER monster to the Graveyard to target 1 card on the field; return it to the hand.",
  "images": [
    "https://images.ygoprodeck.com/images/cards/18318842.jpg"
  ],
  "type": "Monster",
  "attribute": "WATER",
  "atk": 1800,
  "species": "Aqua",
  "monster_type": "",
  "is_pendulum": false,
  "ability": "",
  "has_effect": true,
  "def": 1300,
  "level": 4,
  "is_tuner": false
}