{
  "id": 47404795,
  "name": "Abyss Actor - Super Producer",
  "is_illegal": false,
  "is_custom": false,
  "text": "2 monsters, including a Fiend monster\nDuring the Main Phase (Quick Effect): You can target 1 face-up card you control; destroy it, then you can apply 1 of these effects.\n? Place 1 \"Abyss Playhouse - Fantastic Theater\" from your Deck, face-up in your Field Zone.\n? Place 1 \"Abyss Actor\" Pendulum Monster from your Deck in your Pendulum Zone.\nYou can only use this effect of \"Abyss Actor - Super Producer\" once per turn.",
  "images": [
    "https://images.ygoprodeck.com/images/cards/47404795.jpg"
  ],
  "type": "Monster",
  "attribute": "DARK",
  "atk": 1600,
  "species": "Fiend",
  "monster_type": "Link",
  "is_pendulum": false,
  "ability": "",
  "has_effect": true,
  "link_rating": 2,
  "link_arrows": [
    "Bottom-Left",
    "Bottom-Right"
  ]
}