{
  "id": 88409165,
  "name": "Abyss Warrior",
  "is_illegal": false,
  "is_custom": false,
  "text": "Once per turn: You can discard 1 WATER monster to the Graveyard, then target 1 monster in either player\u0027s Graveyard; return that target to either the top or bottom of the Deck.",
  "images": [
    "https://images.ygoprodeck.com/images/cards/88409165.jpg"
  ],
  "type": "Monster",
  "attribute": "WATER",
  "atk": 1800,
  "species": "Aqua",
  "monster_type": "",
  "is_pendulum": false,
  "ability": "",
  "has_effect": true,
  "def": 1300,
  "level": 4,
  "is_tuner": false
}