{
  "id": 4682617,
  "name": "Abyss Actors\u0027 Curtain Call",
  "is_illegal": false,
  "is_custom": false,
  "text": "If an \"Abyss Script\" Spell Card or effect is activated this turn: Add face-up \"Abyss Actor\" Pendulum Monsters from your Extra Deck to your hand, up to the number of \"Abyss Script\" Spells in your GY. Then, you can Special Summon \"Abyss Actor\" Pendulum Monsters from your hand with different names, up to the number of monsters added to the hand by this effect. You cannot Special Summon monsters for the rest of this turn, except \"Abyss Actor\" Pendulum Monsters. You can only activate 1 \"Abyss Actors\u0027 Curtain Call\" per turn.",
  "images": [
    "https://images.ygoprodeck.com/images/cards/4682617.jpg"
  ],
  "type": "Trap",
  "trap_type": "Normal"
}