{
  "id": 51028231,
  "name": "Abyss Actor - Sassy Rookie",
  "is_illegal": false,
  "is_custom": false,
  "text": "The first time this card would be destroyed by battle or card effect each turn, it is not destroyed. If this card is destroyed by battle, or if this card in its owner\u0027s Monster Zone is destroyed by an opponent\u0027s card effect: You can Special Summon 1 Level 4 or lower \"Abyss Actor\" monster from your Deck, except \"Abyss Actor - Sassy Rookie\". If this card in the Pendulum Zone is destroyed: You can target 1 Level 4 or lower monster your opponent controls; destroy it.",
  "images": [
    "https://images.ygoprodeck.com/images/cards/51028231.jpg"
  ],
  "type": "Monster",
  "attribute": "DARK",
  "atk": 1700,
  "species": "Fiend",
  "monster_type": "",
  "is_pendulum": true,
  "ability": "",
  "has_effect": true,
  "def": 1000,
  "level": 4,
  "is_tuner": false,
  "pendulum_text": "If an \"Abyss Actor\" monster(s) you control would be destroyed by battle or an opponent\u0027s card effect, you can destroy this card instead.\n",
  "pendulum_scale_left_blue": 2,
  "pendulum_scale_right_red": 2
}