{
  "id": 25629622,
  "name": "Abyss Actor - Superstar",
  "is_illegal": false,
  "is_custom": false,
  "text": "When Normal or Special Summoned, your opponent\u0027s Spell/Trap Cards and effects cannot be activated. Once per turn: You can Set 1 \"Abyss Script\" Spell directly from your Deck, but it is sent to the GY during the End Phase.",
  "images": [
    "https://images.ygoprodeck.com/images/cards/25629622.jpg"
  ],
  "type": "Monster",
  "attribute": "DARK",
  "atk": 2500,
  "species": "Fiend",
  "monster_type": "",
  "is_pendulum": true,
  "ability": "",
  "has_effect": true,
  "def": 1800,
  "level": 7,
  "is_tuner": false,
  "pendulum_text": "Once per turn: You can Tribute 1 \"Abyss Actor\" monster, then target 1 \"Abyss Script\" Spell in your GY; add it to your hand.\n",
  "pendulum_scale_left_blue": 3,
  "pendulum_scale_right_red": 3
}