{
  "id": 33503878,
  "name": "Abyss Script - Dramatic Story",
  "is_illegal": false,
  "is_custom": false,
  "text": "Target 1 \"Abyss Actor\" Pendulum Monster you control; Special Summon 1 \"Abyss Actor\" monster from your Deck with a different name, then place the targeted monster in your Pendulum Zone or destroy it. If this Set card in its owner\u0027s control is destroyed by an opponent\u0027s card effect, and you have a face-up \"Abyss Actor\" Pendulum Monster in your Extra Deck: You can return up to 2 cards on the field to the hand. You can only activate 1 \"Abyss Script - Dramatic Story\" per turn.",
  "images": [
    "https://images.ygoprodeck.com/images/cards/33503878.jpg"
  ],
  "type": "Spell",
  "spell_type": "Normal"
}