{
  "id": 24907044,
  "name": "Abyss Actor - Leading Lady",
  "is_illegal": false,
  "is_custom": false,
  "text": "Once per turn, when battle damage is inflicted: You can target 1 face-up monster your opponent controls; it loses ATK equal to that battle damage. When this card is destroyed by battle, or if this card in its owner\u0027s Monster Zone is destroyed by an opponent\u0027s card effect: You can Set 1 \"Abyss Script\" Spell directly from your Deck.",
  "images": [
    "https://images.ygoprodeck.com/images/cards/24907044.jpg"
  ],
  "type": "Monster",
  "attribute": "DARK",
  "atk": 1500,
  "species": "Fiend",
  "monster_type": "",
  "is_pendulum": true,
  "ability": "",
  "has_effect": true,
  "def": 1000,
  "level": 4,
  "is_tuner": false,
  "pendulum_text": "Once per turn, when you take battle damage from an opponent\u0027s attacking monster: You can activate 1 of these effects;\n?That opponent\u0027s monster loses ATK equal to the damage you took (even if this card leaves the field).\n?Add 1 face-up \"Abyss Actor\" Pendulum Monster from your Extra Deck to your hand with ATK less than or equal to the damage you took.\n",
  "pendulum_scale_left_blue": 2,
  "pendulum_scale_right_red": 2
}