{
  "id": 23784496,
  "name": "Abyss Script - Opening Ceremony",
  "is_illegal": false,
  "is_custom": false,
  "text": "Gain 500 LP for each \"Abyss Actor\" monster you control. If this Set card in its owner\u0027s control is destroyed by an opponent\u0027s card effect, and you have a face-up \"Abyss Actor\" Pendulum Monster in your Extra Deck: You can draw until you have 5 cards in your hand. You can only use each effect of \"Abyss Script - Opening Ceremony\" once per turn.",
  "images": [
    "https://images.ygoprodeck.com/images/cards/23784496.jpg"
  ],
  "type": "Spell",
  "spell_type": "Normal"
}