{
  "id": 15308295,
  "name": "Abyss Actor - Comic Relief",
  "is_illegal": false,
  "is_custom": false,
  "text": "You take no battle damage from attacks involving this card. Once per turn, during your Standby Phase: Give control of this card to your opponent. Once per turn, if control of this face-up card changes: Activate this effect; the owner of this card can destroy 1 Set \"Abyss Script\" Spell in their Spell \u0026 Trap Zone.",
  "images": [
    "https://images.ygoprodeck.com/images/cards/15308295.jpg"
  ],
  "type": "Monster",
  "attribute": "DARK",
  "atk": 1000,
  "species": "Fiend",
  "monster_type": "",
  "is_pendulum": true,
  "ability": "",
  "has_effect": true,
  "def": 2000,
  "level": 3,
  "is_tuner": false,
  "pendulum_text": "You can target 1 \"Abyss Actor\" Pendulum Monster you control and 1 monster your opponent controls; switch control of both monsters, then destroy this card. You can only use this effect of \"Abyss Actor - Comic Relief\" once per turn.\n[ Monster Effect ] You take no battle damage from attacks involving this card. Once per turn, during your Standby Phase: Give control of this card to your opponent. Once per turn, if control of this face-up card changes: Activate this effect; the owner of this card can destroy 1 Set \"Abyss Script\" Spell in their Spell \u0026 Trap Zone.",
  "pendulum_scale_left_blue": 8,
  "pendulum_scale_right_red": 8
}