{
  "id": 87390798,
  "name": "Abyss Script - Fantasy Magic",
  "is_illegal": false,
  "is_custom": false,
  "text": "Target 1 \"Abyss Actor\" monster you control; this turn, every monster that battles it, but is not destroyed, returns to the hand at the end of the Damage Step. If this Set card in its owner\u0027s control is destroyed by an opponent\u0027s card effect, and you have a face-up \"Abyss Actor\" Pendulum Monster in your Extra Deck: You can target 1 card your opponent controls; place it on top of the Deck.",
  "images": [
    "https://images.ygoprodeck.com/images/cards/87390798.jpg"
  ],
  "type": "Spell",
  "spell_type": "Normal"
}