{
  "id": 44223284,
  "name": "Abyssal Kingshark",
  "is_illegal": false,
  "is_custom": false,
  "text": "Once per turn, if this card would be destroyed by an effect that does not target it, it is not destroyed.",
  "images": [
    "https://images.ygoprodeck.com/images/cards/44223284.jpg"
  ],
  "type": "Monster",
  "attribute": "WATER",
  "atk": 1700,
  "species": "Fish",
  "monster_type": "",
  "is_pendulum": false,
  "ability": "",
  "has_effect": true,
  "def": 600,
  "level": 4,
  "is_tuner": false
}