{
  "id": 30983281,
  "name": "Accel Synchro Stardust Dragon",
  "is_illegal": false,
  "is_custom": false,
  "text": "1 Tuner + 1+ non-Tuner monsters\nIf this card is Synchro Summoned: You can Special Summon 1 Level 2 or lower Tuner from your GY. During the Main Phase (Quick Effect): You can Tribute this card; Special Summon 1 \"Stardust Dragon\" from your Extra Deck (this is treated as a Synchro Summon), then, immediately after this effect resolves, Synchro Summon 1 Synchro Monster using monsters you control as material. This turn, the monsters Synchro Summoned by this effect are unaffected by your opponent\u0027s activated effects. You can only use each effect of \"Accel Synchro Stardust Dragon\" once per turn.",
  "images": [
    "https://images.ygoprodeck.com/images/cards/30983281.jpg"
  ],
  "type": "Monster",
  "attribute": "WIND",
  "atk": 2500,
  "species": "Dragon",
  "monster_type": "Synchro",
  "is_pendulum": false,
  "ability": "",
  "has_effect": true,
  "def": 2000,
  "level": 8,
  "is_tuner": false
}