{
  "id": 62476197,
  "name": "Achacha Chanbara",
  "is_illegal": false,
  "is_custom": false,
  "text": "During either player\u0027s turn, when a card or effect is activated that will inflict damage when it resolves: You can Special Summon this card from your hand, and if you do, inflict 400 damage to your opponent.",
  "images": [
    "https://images.ygoprodeck.com/images/cards/62476197.jpg"
  ],
  "type": "Monster",
  "attribute": "FIRE",
  "atk": 1400,
  "species": "Warrior",
  "monster_type": "",
  "is_pendulum": false,
  "ability": "",
  "has_effect": true,
  "def": 400,
  "level": 3,
  "is_tuner": false
}