{
  "id": 15808381,
  "name": "Achichi @Ignister",
  "is_illegal": false,
  "is_custom": false,
  "text": "If this card is Normal or Special Summoned: You can add 1 Level 4 or lower \"@Ignister\" monster from your Deck to your hand, except \"Achichi @Ignister\". At the start of the Damage Step, when your Cyberse monster battles: You can banish this card from your GY; destroy that monster you control. You can only use each effect of \"Achichi @Ignister\" once per turn.",
  "images": [
    "https://images.ygoprodeck.com/images/cards/15808381.jpg"
  ],
  "type": "Monster",
  "attribute": "FIRE",
  "atk": 800,
  "species": "Cyberse",
  "monster_type": "",
  "is_pendulum": false,
  "ability": "",
  "has_effect": true,
  "def": 800,
  "level": 2,
  "is_tuner": false
}