{
  "id": 81555617,
  "name": "Ad Libitum of Despia",
  "is_illegal": false,
  "is_custom": false,
  "text": "During your Main Phase: You can make all monsters currently on the field gain ATK equal to their own Level x 100, until the end of the opponent\u0027s turn. If this card in your hand or field is used as Fusion Material, and sent to the GY or banished: You can target 1 of your \"Despia\" monsters or Level 8 or higher Fusion Monsters, that is banished or in your GY, except \"Ad Libitum of Despia\"; Special Summon it. You can only use each effect of \"Ad Libitum of Despia\" once per turn.",
  "images": [
    "https://images.ygoprodeck.com/images/cards/81555617.jpg"
  ],
  "type": "Monster",
  "attribute": "DARK",
  "atk": 1500,
  "species": "Fairy",
  "monster_type": "",
  "is_pendulum": false,
  "ability": "",
  "has_effect": true,
  "def": 2000,
  "level": 8,
  "is_tuner": false
}