{
  "id": 23812568,
  "name": "Additional Mirror Level 7",
  "is_illegal": false,
  "is_custom": false,
  "text": "If a Level 7 monster(s) is Special Summoned to your field: Send 2 \"Additional Mirror Level 7\" from your hand and/or Deck to the GY, then target 1 of those monsters; Special Summon 2 monsters with the same name as that target from your Deck, then take damage equal to their combined original ATK, also, for the rest of this turn after this card resolves, you can only Special Summon from the Extra Deck once.",
  "images": ["https://images.ygoprodeck.com/images/cards/23812568.jpg"],
  "type": "Spell",
  "spell_type": "Quick-Play"
}
