{
  "id": 53828396,
  "name": "Adhesive Explosive",
  "is_illegal": false,
  "is_custom": false,
  "text": "Before damage calculation, if this card was attacked by an opponent\u0027s monster and was in face-down Defense Position at the start of the Damage Step: Equip this card to the attacking monster. Then, during your opponent\u0027s next Standby Phase, destroy the monster this card is equipped to.",
  "images": [
    "https://images.ygoprodeck.com/images/cards/53828396.jpg"
  ],
  "type": "Monster",
  "attribute": "WIND",
  "atk": 1000,
  "species": "Machine",
  "monster_type": "",
  "is_pendulum": false,
  "ability": "",
  "has_effect": true,
  "def": 1000,
  "level": 3,
  "is_tuner": false
}