{
  "id": 83575471,
  "name": "Advanced Crystal Beast Ruby Carbuncle",
  "is_illegal": false,
  "is_custom": false,
  "text": "If \"Advanced Dark\" is not in the Field Zone, send this monster to the GY. If this face-up card is destroyed in a Monster Zone, you can place it face-up in your Spell \u0026 Trap Zone as a Continuous Spell, instead of sending it to the GY. If this card is treated as a Continuous Spell: You can Special Summon this card, then you can Special Summon as many \"Advanced Crystal Beast\" Monster Cards as possible from your Spell \u0026 Trap Zone. You can only use this effect of \"Advanced Crystal Beast Ruby Carbuncle\" once per turn.",
  "images": [
    "https://images.ygoprodeck.com/images/cards/83575471.jpg"
  ],
  "type": "Monster",
  "attribute": "LIGHT",
  "atk": 300,
  "species": "Fairy",
  "monster_type": "",
  "is_pendulum": false,
  "ability": "",
  "has_effect": true,
  "def": 300,
  "level": 3,
  "is_tuner": false
}