{
  "id": 19963185,
  "name": "Advanced Crystal Beast Amethyst Cat",
  "is_illegal": false,
  "is_custom": false,
  "text": "If \"Advanced Dark\" is not in the Field Zone, send this monster to the GY. Your \"Advanced Crystal Beast\" monsters can attack directly, but when they do so using this effect, the battle damage inflicted to your opponent is halved. If this face-up card is destroyed in a Monster Zone, you can place it face-up in your Spell \u0026 Trap Zone as a Continuous Spell, instead of sending it to the GY.",
  "images": [
    "https://images.ygoprodeck.com/images/cards/19963185.jpg"
  ],
  "type": "Monster",
  "attribute": "EARTH",
  "atk": 1200,
  "species": "Beast",
  "monster_type": "",
  "is_pendulum": false,
  "ability": "",
  "has_effect": true,
  "def": 400,
  "level": 3,
  "is_tuner": false
}