{
  "id": 71620241,
  "name": "Advanced Crystal Beast Sapphire Pegasus",
  "is_illegal": false,
  "is_custom": false,
  "text": "If \"Advanced Dark\" is not in the Field Zone, send this monster to the GY. If this card is Summoned: You can place 1 of your \"Advanced Crystal Beast\" monsters that is banished, in your hand, Deck, or GY face-up in your Spell \u0026 Trap Zone as a Continuous Spell. If this face-up card is destroyed in a Monster Zone, you can place it face-up in your Spell \u0026 Trap Zone as a Continuous Spell, instead of sending it to the GY.",
  "images": [
    "https://images.ygoprodeck.com/images/cards/71620241.jpg"
  ],
  "type": "Monster",
  "attribute": "WIND",
  "atk": 1800,
  "species": "Beast",
  "monster_type": "",
  "is_pendulum": false,
  "ability": "",
  "has_effect": true,
  "def": 1200,
  "level": 4,
  "is_tuner": false
}