{
  "id": 43575579,
  "name": "Afterglow",
  "is_illegal": false,
  "is_custom": false,
  "text": "Banish this card, and as many \"Afterglow\" from your hand, Deck, GY, and face-up field as possible, then shuffle 1 of your banished \"Afterglow\" into the Deck. During your next Draw Phase, reveal the card you draw for your normal draw, and inflict 4000 damage to your opponent if it is \"Afterglow\". You can only activate 1 \"Afterglow\" per Duel.",
  "images": [
    "https://images.ygoprodeck.com/images/cards/43575579.jpg"
  ],
  "type": "Spell",
  "spell_type": "Normal"
}