{
  "id": 62320425,
  "name": "Agido the Ancient Sentinel",
  "is_illegal": false,
  "is_custom": false,
  "text": "If a card(s) is sent from the hand or Deck to your opponent\u0027s GY (except during the Damage Step): You can Special Summon this card from your hand, then you can Special Summon 1 Level 4 EARTH Fairy monster from your GY, except \"Agido the Ancient Sentinel\". If this card is sent from the hand or Deck to the GY: You can activate this effect; each player sends the top 5 cards of their Deck to the GY (or their entire Deck, if less than 5), then, if \"Exchange of the Spirit\" is in your GY, you can send 5 more cards from the top of either player\u0027s Deck to the GY. You can only use each effect of \"Agido the Ancient Sentinel\" once per turn.",
  "images": [
    "https://images.ygoprodeck.com/images/cards/62320425.jpg"
  ],
  "type": "Monster",
  "attribute": "EARTH",
  "atk": 1500,
  "species": "Fairy",
  "monster_type": "",
  "is_pendulum": false,
  "ability": "",
  "has_effect": true,
  "def": 1300,
  "level": 4,
  "is_tuner": false
}