{
  "id": 13014905,
  "name": "Agnimal Candle",
  "is_illegal": false,
  "is_custom": false,
  "text": "If this card is added to your hand, except by drawing it: You can Special Summon this card. You can only use this effect of \"Agnimal Candle\" once per turn. Once per Chain, up to thrice per turn, if a monster is sent to your GY (except during the Damage Step): You can increase or decrease this card's Level by 1.",
  "images": ["https://images.ygoprodeck.com/images/cards/13014905.jpg"],
  "type": "Monster",
  "attribute": "FIRE",
  "atk": 1700,
  "species": "Pyro",
  "monster_type": "effect",
  "is_pendulum": false,
  "ability": "",
  "has_effect": true,
  "def": 0,
  "level": 4,
  "is_tuner": true
}
