{
  "id": 86377375,
  "name": "Ahrima, the Wicked Warden",
  "is_illegal": false,
  "is_custom": false,
  "text": "You can discard this card; add 1 \"Lair of Darkness\" from your Deck to your hand. You can Tribute 1 DARK monster; draw 1 card, or, if you Tributed a DARK monster other than this card to activate this effect, you can add 1 DARK monster with 2000 or more DEF from your Deck to your hand, instead. You can only use this effect of \"Ahrima, the Wicked Warden\" once per turn.",
  "images": [
    "https://images.ygoprodeck.com/images/cards/86377375.jpg"
  ],
  "type": "Monster",
  "attribute": "DARK",
  "atk": 1700,
  "species": "Fiend",
  "monster_type": "",
  "is_pendulum": false,
  "ability": "",
  "has_effect": true,
  "def": 0,
  "level": 4,
  "is_tuner": false
}