{
  "id": 18036057,
  "name": "Airknight Parshath",
  "is_illegal": false,
  "is_custom": false,
  "text": "If this card attacks a Defense Position monster, inflict piercing battle damage. If this card inflicts battle damage to your opponent: Draw 1 card.",
  "images": [
    "https://images.ygoprodeck.com/images/cards/18036057.jpg"
  ],
  "type": "Monster",
  "attribute": "LIGHT",
  "atk": 1900,
  "species": "Fairy",
  "monster_type": "",
  "is_pendulum": false,
  "ability": "",
  "has_effect": true,
  "def": 1400,
  "level": 5,
  "is_tuner": false
}