{
  "id": 35877582,
  "name": "Aiwass, the Magistus Spell Spirit",
  "is_illegal": false,
  "is_custom": false,
  "text": "1 \"Magistus\" monster + 1 Spellcaster monster\nWhile this card is an Equip Card, the equipped monster gains 1000 ATK/DEF. During the Main Phase (Quick Effect): You can target 1 other face-up monster on the field; equip this card you control to it. If this card was equipped to an opponent\u0027s monster by this effect, take control of the equipped monster, also it cannot activate its effects. You can only use this effect of \"Aiwass, the Magistus Spell Spirit\" once per turn.",
  "images": [
    "https://images.ygoprodeck.com/images/cards/35877582.jpg"
  ],
  "type": "Monster",
  "attribute": "WIND",
  "atk": 2000,
  "species": "Fiend",
  "monster_type": "Fusion",
  "is_pendulum": false,
  "ability": "",
  "has_effect": true,
  "def": 2800,
  "level": 8,
  "is_tuner": false
}