{
  "id": 63378869,
  "name": "Aiza the Dragoness of Deranged Devotion",
  "is_illegal": false,
  "is_custom": false,
  "text": "If this card is Special Summoned: You can place 1 Deranged Counter on 1 face-up monster your opponent controls and it cannot be used as a material for a Fusion, Synchro, Xyz or Link Summon while it has that counter. At the start of the Damage Step, if this card battles an opponent's monster with a Deranged Counter: You can destroy that opponent's monster, and if you do, both players take damage equal to its original ATK, also destroy this card at the end of this Battle Phase. You can only use each effect of \"Aiza the Dragoness of Deranged Devotion\" once per turn.",
  "images": [
    "https://api.cardcluster.com/storage/tmp/TMP-CARD-13288-1c9a05ddb4.jpg"
  ],
  "type": "Monster",
  "attribute": "FIRE",
  "atk": 1500,
  "species": "Dragon",
  "monster_type": "",
  "is_pendulum": false,
  "ability": "",
  "has_effect": true,
  "def": 0,
  "level": 4,
  "is_tuner": false
}
