{
  "id": 38837163,
  "name": "Akz, the Pumer",
  "is_illegal": false,
  "is_custom": false,
  "text": "This card cannot be Normal Summoned or Set. This card can only be Special Summoned by removing from play 2 Beast-Warrior-Type monsters in your Graveyard. Once per turn, you can discard 1 Beast-Warrior-Type monster to activate 1 of the following effects: ? Double this card\u0027s ATK until the End Phase. ? This card can attack your opponent directly this turn.",
  "images": [
    "https://images.ygoprodeck.com/images/cards/38837163.jpg"
  ],
  "type": "Monster",
  "attribute": "EARTH",
  "atk": 1500,
  "species": "Beast-Warrior",
  "monster_type": "",
  "is_pendulum": false,
  "ability": "",
  "has_effect": true,
  "def": 1000,
  "level": 6,
  "is_tuner": false
}