{
  "id": 3410461,
  "name": "Alba-Lenatus the Abyss Dragon",
  "is_illegal": false,
  "is_custom": false,
  "text": "1 \"Fallen of Albaz\" + 1+ Dragon monsters\nCannot be used as Fusion Material. Must be either Fusion Summoned, or Special Summoned by sending the above cards from any Monster Zones to the GY. This card can attack monsters a number of times each Battle Phase, up to the number of materials used for it. Once per turn, during the End Phase, if this card is in the GY because it was sent there this turn: You can add 1 \"Polymerization\" Normal Spell or \"Fusion\" Normal Spell from your Deck to your hand.",
  "images": [
    "https://images.ygoprodeck.com/images/cards/3410461.jpg"
  ],
  "type": "Monster",
  "attribute": "DARK",
  "atk": 2500,
  "species": "Dragon",
  "monster_type": "Fusion",
  "is_pendulum": false,
  "ability": "",
  "has_effect": true,
  "def": 2500,
  "level": 8,
  "is_tuner": false
}