{
  "id": 87746184,
  "name": "Albion the Branded Dragon",
  "is_illegal": false,
  "is_custom": false,
  "text": "\"Fallen of Albaz\" + 1 LIGHT monster\nIf this card is Fusion Summoned: You can Fusion Summon 1 Level 8 or lower Fusion Monster from your Extra Deck, except \"Albion the Branded Dragon\", by banishing Fusion Materials listed on it from your hand, field, and/or GY. During the End Phase, if this card is in the GY because it was sent there this turn: You can add to your hand or Set 1 \"Branded\" Spell/Trap directly from your Deck. You can only use each effect of \"Albion the Branded Dragon\" once per turn.",
  "images": [
    "https://images.ygoprodeck.com/images/cards/87746184.jpg"
  ],
  "type": "Monster",
  "attribute": "DARK",
  "atk": 2500,
  "species": "Dragon",
  "monster_type": "Fusion",
  "is_pendulum": false,
  "ability": "",
  "has_effect": true,
  "def": 2000,
  "level": 8,
  "is_tuner": false
}