{
  "id": 98787535,
  "name": "Aleirtt, the Ogdoadic Dark",
  "is_illegal": false,
  "is_custom": false,
  "text": "If this card is in your GY: You can Tribute 1 monster; Special Summon this card, then your opponent can add 1 monster from their GY to their hand. If this card is Special Summoned: You can target 2 of your banished monsters, including a Reptile monster; return them to the GY. You can only use each effect of \"Aleirtt, the Ogdoadic Dark\" once per turn.",
  "images": [
    "https://images.ygoprodeck.com/images/cards/98787535.jpg"
  ],
  "type": "Monster",
  "attribute": "DARK",
  "atk": 2000,
  "species": "Reptile",
  "monster_type": "",
  "is_pendulum": false,
  "ability": "",
  "has_effect": true,
  "def": 800,
  "level": 8,
  "is_tuner": false
}