{
  "id": 86120751,
  "name": "Aleister the Invoker",
  "is_illegal": false,
  "is_custom": false,
  "text": "(Quick Effect): You can send this card from your hand to the GY, then target 1 Fusion Monster you control; it gains 1000 ATK/DEF until the end of this turn. If this card is Normal Summoned or flipped face-up: You can add 1 \"Invocation\" from your Deck to your hand.",
  "images": [
    "https://images.ygoprodeck.com/images/cards/86120751.jpg",
    "https://images.ygoprodeck.com/images/cards/86120752.jpg"
  ],
  "type": "Monster",
  "attribute": "DARK",
  "atk": 1000,
  "species": "Spellcaster",
  "monster_type": "",
  "is_pendulum": false,
  "ability": "",
  "has_effect": true,
  "def": 1800,
  "level": 4,
  "is_tuner": false
}