{
  "id": 26372118,
  "name": "ALERT!",
  "is_illegal": false,
  "is_custom": false,
  "text": "(This card is always treated as a \"Rescue-ACE\" card.)\nAdd 1 \"Rescue-ACE\" monster from your GY to your hand, or if you control \"Rescue-ACE Hydrant\", you can add 1 \"Rescue-ACE\" monster from your Deck to your hand instead. You can only activate 1 \"ALERT!\" per turn.",
  "images": [
    "https://images.ygoprodeck.com/images/cards/26372118.jpg"
  ],
  "type": "Spell",
  "spell_type": "Quick-Play"
}