{
  "id": 43096270,
  "name": "Alexandrite Dragon",
  "is_illegal": false,
  "is_custom": false,
  "text": "Many of the czars\u0027 lost jewels can be found in the scales of this priceless dragon. Its creator remains a mystery, along with how they acquired the imperial treasures. But whosoever finds this dragon has hit the jackpot... whether they know it or not.",
  "images": [
    "https://images.ygoprodeck.com/images/cards/43096270.jpg"
  ],
  "type": "Monster",
  "attribute": "LIGHT",
  "atk": 2000,
  "species": "Dragon",
  "monster_type": "",
  "is_pendulum": false,
  "ability": "",
  "has_effect": false,
  "def": 100,
  "level": 4,
  "is_tuner": false
}