{
  "id": 45154513,
  "name": "Alghoul Mazera",
  "is_illegal": false,
  "is_custom": false,
  "text": "If a Zombie monster(s) you control would be destroyed by battle or card effect, you can banish this card from your hand or GY instead. If this card is banished from the hand or GY: You can Special Summon it in Defense Position, then you can decrease its Level by 1. You can only use each effect of \"Alghoul Mazera\" once per turn.",
  "images": [
    "https://images.ygoprodeck.com/images/cards/45154513.jpg"
  ],
  "type": "Monster",
  "attribute": "EARTH",
  "atk": 2800,
  "species": "Zombie",
  "monster_type": "",
  "is_pendulum": false,
  "ability": "",
  "has_effect": true,
  "def": 2300,
  "level": 8,
  "is_tuner": false
}