{
  "id": 47728740,
  "name": "Alich, Malebranche of the Burning Abyss",
  "is_illegal": false,
  "is_custom": false,
  "text": "If you control a monster that is not a \"Burning Abyss\" monster, destroy this card. You can only use 1 of these effects of \"Alich, Malebranche of the Burning Abyss\" per turn, and only once that turn.\n? If you control no Spell/Trap Cards: You can Special Summon this card from your hand.\n? If this card is sent to the Graveyard: You can target 1 face-up monster on the field; negate its effects until the end of this turn.",
  "images": [
    "https://images.ygoprodeck.com/images/cards/47728740.jpg"
  ],
  "type": "Monster",
  "attribute": "DARK",
  "atk": 1200,
  "species": "Fiend",
  "monster_type": "",
  "is_pendulum": false,
  "ability": "",
  "has_effect": true,
  "def": 0,
  "level": 3,
  "is_tuner": false
}