{
  "id": 14504454,
  "name": "Alice, Lady of Lament",
  "is_illegal": false,
  "is_custom": false,
  "text": "When this card is Normal Summoned: You can target 1 \"Lady of Lament\" monster in your GY; Special Summon it. You can only use each of the following effects of \"Alice, Lady of Lament\" once per turn. You can banish 1 Trap from your hand or GY; Special Summon this card from your hand. If this card is Tributed, or if this card in its owner\u0027s possession is destroyed by an opponent\u0027s card: You can add 1 Fiend monster whose combined ATK and DEF equal 2000 from your Deck to your hand, except \"Alice, Lady of Lament\".",
  "images": [
    "https://images.ygoprodeck.com/images/cards/14504454.jpg"
  ],
  "type": "Monster",
  "attribute": "DARK",
  "atk": 0,
  "species": "Fiend",
  "monster_type": "",
  "is_pendulum": false,
  "ability": "",
  "has_effect": true,
  "def": 2000,
  "level": 3,
  "is_tuner": false
}