{
  "id": 25920413,
  "name": "Alien Skull",
  "is_illegal": false,
  "is_custom": false,
  "text": "You can Tribute 1 face-up Level 3 or lower monster on your opponent\u0027s side of the field to Special Summon this card to your opponent\u0027s side of the field. If you Special Summon this monster this way, place 1 A-Counter on this card, and you cannot Normal Summon or Set the same turn. (If a monster with an A-Counter battles an \"Alien\" monster, it loses 300 ATK and DEF for each A-Counter during damage calculation only.)",
  "images": [
    "https://images.ygoprodeck.com/images/cards/25920413.jpg"
  ],
  "type": "Monster",
  "attribute": "WIND",
  "atk": 1600,
  "species": "Reptile",
  "monster_type": "",
  "is_pendulum": false,
  "ability": "",
  "has_effect": true,
  "def": 1800,
  "level": 4,
  "is_tuner": false
}