{
  "id": 97127906,
  "name": "Alien Shocktrooper",
  "is_illegal": false,
  "is_custom": false,
  "text": "The Aliens have used a mysterious biological substance to create a supreme race of soldiers. They do not have the natural powers of the other Aliens, but can make stunning physical attacks.",
  "images": [
    "https://images.ygoprodeck.com/images/cards/97127906.jpg"
  ],
  "type": "Monster",
  "attribute": "EARTH",
  "atk": 1900,
  "species": "Reptile",
  "monster_type": "",
  "is_pendulum": false,
  "ability": "",
  "has_effect": false,
  "def": 800,
  "level": 4,
  "is_tuner": false
}