{
  "id": 38468214,
  "name": "Alien Hypno",
  "is_illegal": false,
  "is_custom": false,
  "text": "This card is treated as a Normal Monster while face-up on the field or in the Graveyard. While this card is face-up on the field, you can Normal Summon it to have it be treated as an Effect Monster with this effect:\n? During your Main Phase, you can select 1 monster your opponent controls with an A-Counter(s), and take control of it while this card is on the field. During each of your End Phases, remove 1 A-Counter from each controlled monster. If all A-Counters are removed from one of these monsters, destroy it.",
  "images": [
    "https://images.ygoprodeck.com/images/cards/38468214.jpg"
  ],
  "type": "Monster",
  "attribute": "WATER",
  "atk": 1600,
  "species": "Reptile",
  "monster_type": "",
  "is_pendulum": false,
  "ability": "Gemini",
  "has_effect": true,
  "def": 700,
  "level": 4,
  "is_tuner": false
}