{
  "id": 58012107,
  "name": "Alien Psychic",
  "is_illegal": false,
  "is_custom": false,
  "text": "This card is changed to Defense Position when it is Normal Summoned or Flip Summoned. Monsters with A-Counters cannot declare an attack.",
  "images": [
    "https://images.ygoprodeck.com/images/cards/58012107.jpg"
  ],
  "type": "Monster",
  "attribute": "DARK",
  "atk": 200,
  "species": "Reptile",
  "monster_type": "",
  "is_pendulum": false,
  "ability": "",
  "has_effect": true,
  "def": 100,
  "level": 1,
  "is_tuner": false
}