{
  "id": 98719226,
  "name": "Alien Warrior",
  "is_illegal": false,
  "is_custom": false,
  "text": "When this card is destroyed by battle and sent to the Graveyard, place 2 A-Counters on the monster that destroyed it. (If a monster with an A-Counter battles an \"Alien\" monster, it loses 300 ATK and DEF for each A-Counter during damage calculation only.)",
  "images": [
    "https://images.ygoprodeck.com/images/cards/98719226.jpg"
  ],
  "type": "Monster",
  "attribute": "EARTH",
  "atk": 1800,
  "species": "Reptile",
  "monster_type": "",
  "is_pendulum": false,
  "ability": "",
  "has_effect": true,
  "def": 1000,
  "level": 4,
  "is_tuner": false
}