{
  "id": 76573247,
  "name": "Alien Infiltrator",
  "is_illegal": false,
  "is_custom": false,
  "text": "Once per turn, this card can move to an adjacent (horizontal) unoccupied Monster Card Zone. If no Spell, Trap or Monster Card on your opponent\u0027s side of the field is in the same column as this card, it can attack your opponent directly.",
  "images": [
    "https://images.ygoprodeck.com/images/cards/76573247.jpg"
  ],
  "type": "Monster",
  "attribute": "EARTH",
  "atk": 800,
  "species": "Reptile",
  "monster_type": "",
  "is_pendulum": false,
  "ability": "",
  "has_effect": true,
  "def": 500,
  "level": 2,
  "is_tuner": false
}