{
  "id": 70335319,
  "name": "All-Eyes Phantom Dragon",
  "is_illegal": false,
  "is_custom": false,
  "text": "Cannot be Normal Summoned/Set. Must be Special Summoned (from your hand or face-up Extra Deck) by Tributing all monsters you control (min. 2), including a Dragon Pendulum Monster. You can only Special Summon \"All-Eyes Phantom Dragon\" once per turn this way. Once per turn, during damage calculation, if this card battles an opponent\u0027s monster: Double this card\u0027s current ATK until the end of this turn. Once per turn, when your opponent activates a Spell/Trap Card or effect (Quick Effect): You can send 1 Spell/Trap you control to the GY; negate the activation.",
  "images": [
    "https://images.ygoprodeck.com/images/cards/70335319.jpg"
  ],
  "type": "Monster",
  "attribute": "LIGHT",
  "atk": 3000,
  "species": "Dragon",
  "monster_type": "",
  "is_pendulum": true,
  "ability": "",
  "has_effect": true,
  "def": 2500,
  "level": 10,
  "is_tuner": false,
  "pendulum_text": "Once per turn, at the end of the Damage Step, if your Dragon Pendulum Monster attacked an opponent\u0027s monster: You can activate this effect; it can attack again in a row. You cannot declare attacks the turn you activate this effect, except with that monster.\n[ Monster Effect ] Cannot be Normal Summoned/Set. Must be Special Summoned (from your hand or face-up Extra Deck) by Tributing all monsters you control (min. 2), including a Dragon Pendulum Monster. You can only Special Summon \"All-Eyes Phantom Dragon\" once per turn this way. Once per turn, during damage calculation, if this card battles an opponent\u0027s monster: Double this card\u0027s current ATK until the end of this turn. Once per turn, when your opponent activates a Spell/Trap Card or effect (Quick Effect): You can send 1 Spell/Trap you control to the GY; negate the activation.",
  "pendulum_scale_left_blue": 0,
  "pendulum_scale_right_red": 0
}