{
  "id": 92881099,
  "name": "Alluring Mirror Split",
  "is_illegal": false,
  "is_custom": false,
  "text": "When a \"Harpie Lady\" or \"Harpie Lady Sisters\" you control is destroyed by battle: You can Special Summon 1 \"Harpie\" monster from your Deck with a different original name than the destroyed monster. If this card you control is destroyed by a \"Harpie\" card\u0027s effect or your opponent\u0027s card effect: Target 1 \"Harpie\" monster in your GY; Special Summon it. You can only use each effect of \"Alluring Mirror Split\" once per turn.",
  "images": [
    "https://images.ygoprodeck.com/images/cards/92881099.jpg"
  ],
  "type": "Spell",
  "spell_type": "Continuous"
}