{
  "id": 82377606,
  "name": "Ally of Justice Unlimiter",
  "is_illegal": false,
  "is_custom": false,
  "text": "You can Tribute this card to select 1 face-up \"Ally of Justice\" monster you control. Double its original ATK until the End Phase.",
  "images": [
    "https://images.ygoprodeck.com/images/cards/82377606.jpg"
  ],
  "type": "Monster",
  "attribute": "DARK",
  "atk": 600,
  "species": "Machine",
  "monster_type": "",
  "is_pendulum": false,
  "ability": "",
  "has_effect": true,
  "def": 200,
  "level": 2,
  "is_tuner": false
}