{
  "id": 8233522,
  "name": "Ally of Justice Cycle Reader",
  "is_illegal": false,
  "is_custom": false,
  "text": "During either player\u0027s turn: You can discard this card to the Graveyard, then target up to 2 LIGHT monsters in your opponent\u0027s Graveyard; banish those targets.",
  "images": [
    "https://images.ygoprodeck.com/images/cards/8233522.jpg"
  ],
  "type": "Monster",
  "attribute": "DARK",
  "atk": 1000,
  "species": "Machine",
  "monster_type": "",
  "is_pendulum": false,
  "ability": "",
  "has_effect": true,
  "def": 1000,
  "level": 3,
  "is_tuner": true
}