{
  "id": 40155554,
  "name": "Ally Mind",
  "is_illegal": false,
  "is_custom": false,
  "text": "A high-performance unit developed to enhance the Artificial Intelligence program of the Allies of Justice. Loaded with elements collected from a meteor found in the Worm Nebula, it allows for highly tuned processing. But its full capacity is not yet determined.",
  "images": [
    "https://images.ygoprodeck.com/images/cards/40155554.jpg"
  ],
  "type": "Monster",
  "attribute": "DARK",
  "atk": 1800,
  "species": "Machine",
  "monster_type": "",
  "is_pendulum": false,
  "ability": "",
  "has_effect": true,
  "def": 1400,
  "level": 5,
  "is_tuner": true
}