{
  "id": 99785935,
  "name": "Alpha The Magnet Warrior",
  "is_illegal": false,
  "is_custom": false,
  "text": "\u0027\u0027Alpha, Beta, and Gamma meld as one to form a powerful monster.\u0027\u0027",
  "images": [
    "https://images.ygoprodeck.com/images/cards/99785935.jpg"
  ],
  "type": "Monster",
  "attribute": "EARTH",
  "atk": 1400,
  "species": "Rock",
  "monster_type": "",
  "is_pendulum": false,
  "ability": "",
  "has_effect": false,
  "def": 1700,
  "level": 4,
  "is_tuner": false
}