{
  "id": 54126514,
  "name": "Altergeist Peritrator",
  "is_illegal": false,
  "is_custom": false,
  "text": "This card can attack directly. You can only use each of the following effects of \"Altergeist Peritrator\" once per turn. When this card inflicts battle damage to your opponent: You can draw 1 card. If this card is sent from the field to the GY: You can send 1 \"Altergeist\" card from your hand, Deck, or face-up field to the GY, except \"Altergeist Peritrator\".",
  "images": ["https://images.ygoprodeck.com/images/cards/54126514.jpg"],
  "type": "Monster",
  "attribute": "FIRE",
  "atk": 500,
  "species": "Spellcaster",
  "monster_type": "effect",
  "is_pendulum": false,
  "ability": "",
  "has_effect": true,
  "def": 300,
  "level": 1,
  "is_tuner": false
}
