{
  "id": 21187631,
  "name": "Altergeist Dragvirion",
  "is_illegal": false,
  "is_custom": false,
  "text": "1 Tuner + 1+ non-Tuner monsters\nWhen an opponent\u0027s Special Summoned monster declares an attack: You can return 1 \"Altergeist\" monster you control to the hand; negate that attack. If this card is Tributed and sent to the GY: You can Special Summon this card. You can only use each effect of \"Altergeist Dragvirion\" once per turn.",
  "images": [
    "https://images.ygoprodeck.com/images/cards/21187631.jpg"
  ],
  "type": "Monster",
  "attribute": "DARK",
  "atk": 2200,
  "species": "Spellcaster",
  "monster_type": "Synchro",
  "is_pendulum": false,
  "ability": "",
  "has_effect": true,
  "def": 1200,
  "level": 6,
  "is_tuner": false
}