{
  "id": 76685519,
  "name": "Altergeist Kidolga",
  "is_illegal": false,
  "is_custom": false,
  "text": "2 \"Altergeist\" monsters\nWhen another \"Altergeist\" monster you control inflicts battle damage to your opponent: You can target 1 monster in their GY; Special Summon it to your zone this card points to, but each turn, it cannot attack unless this card has already declared an attack that turn. If this card is destroyed by battle: You can target 1 \"Altergeist\" card in your GY; add it to your hand.",
  "images": [
    "https://images.ygoprodeck.com/images/cards/76685519.jpg"
  ],
  "type": "Monster",
  "attribute": "DARK",
  "atk": 1000,
  "species": "Spellcaster",
  "monster_type": "Link",
  "is_pendulum": false,
  "ability": "",
  "has_effect": true,
  "link_rating": 2,
  "link_arrows": [
    "Left",
    "Bottom"
  ]
}