{
  "id": 27132400,
  "name": "Altergeist Malwisp",
  "is_illegal": false,
  "is_custom": false,
  "text": "If this card is added to your hand, except by drawing it: You can Special Summon it. If this card is Normal or Special Summoned: You can target 1 \"Altergeist\" monster in your GY, except \"Altergeist Malwisp\"; Special Summon it in Defense Position, but for the rest of this turn, it cannot activate its effects. You can only use each effect of \"Altergeist Malwisp\" once per turn.",
  "images": ["https://images.ygoprodeck.com/images/cards/27132400.jpg"],
  "type": "Monster",
  "attribute": "LIGHT",
  "atk": 1500,
  "species": "Spellcaster",
  "monster_type": "effect",
  "is_pendulum": false,
  "ability": "",
  "has_effect": true,
  "def": 0,
  "level": 3,
  "is_tuner": true
}
