{
  "id": 85673903,
  "name": "Altergeist Fijialert",
  "is_illegal": false,
  "is_custom": false,
  "text": "When an \"Altergeist\" Link Monster is Link Summoned to your field (except during the Damage Step): You can target 1 other Link Monster on the field; Special Summon this card from your hand to your zone that target points to, also, for the rest of this turn, that monster is also treated as an \"Altergeist\" monster. You can only use this effect of \"Altergeist Fijialert\" once per turn.",
  "images": [
    "https://images.ygoprodeck.com/images/cards/85673903.jpg"
  ],
  "type": "Monster",
  "attribute": "WATER",
  "atk": 1400,
  "species": "Spellcaster",
  "monster_type": "",
  "is_pendulum": false,
  "ability": "",
  "has_effect": true,
  "def": 1200,
  "level": 4,
  "is_tuner": false
}