{
  "id": 22024279,
  "name": "Altergeist Revitalization",
  "is_illegal": false,
  "is_custom": false,
  "text": "Target 1 \"Altergeist\" Link Monster in your GY; Special Summon it. You can banish this card from your GY; immediately after this effect resolves, Normal Summon 1 \"Altergeist\" monster. You can only use 1 \"Altergeist Revitalization\" effect per turn, and only once that turn.",
  "images": ["https://images.ygoprodeck.com/images/cards/22024279.jpg"],
  "type": "Trap",
  "trap_type": "Normal"
}
