{
  "id": 89538537,
  "name": "Altergeist Silquitous",
  "is_illegal": false,
  "is_custom": false,
  "text": "(Quick Effect): You can return 1 other \"Altergeist\" card you control to the hand, then target 1 card your opponent controls; return it to the hand. If this card is sent from the field to the GY: You can target 1 \"Altergeist\" Trap in your GY; add that card to your hand. You can only use each effect of \"Altergeist Silquitous\" once per turn.",
  "images": [
    "https://images.ygoprodeck.com/images/cards/89538537.jpg"
  ],
  "type": "Monster",
  "attribute": "WIND",
  "atk": 800,
  "species": "Spellcaster",
  "monster_type": "",
  "is_pendulum": false,
  "ability": "",
  "has_effect": true,
  "def": 1500,
  "level": 2,
  "is_tuner": false
}