{
  "id": 52927340,
  "name": "Altergeist Kunquery",
  "is_illegal": false,
  "is_custom": false,
  "text": "When an opponent\u0027s monster declares an attack, if you control an \"Altergeist\" card: You can Special Summon this card from your hand, and if you do, negate that attack. If this card is Special Summoned: You can target 1 face-up card your opponent controls; negate the effects of that card while it and this monster are face-up on the field.",
  "images": [
    "https://images.ygoprodeck.com/images/cards/52927340.jpg"
  ],
  "type": "Monster",
  "attribute": "EARTH",
  "atk": 0,
  "species": "Spellcaster",
  "monster_type": "",
  "is_pendulum": false,
  "ability": "",
  "has_effect": true,
  "def": 2400,
  "level": 5,
  "is_tuner": false
}