{
  "id": 62962630,
  "name": "Aluber the Jester of Despia",
  "is_illegal": false,
  "is_custom": false,
  "text": "If this card is Normal or Special Summoned: You can add 1 \"Branded\" Spell/Trap from your Deck to your hand. If a face-up Fusion Monster you control is destroyed by battle, or leaves the field because of an opponent\u0027s card effect, while this card is in your GY: You can target 1 Effect Monster your opponent controls; Special Summon this card, and if you do, negate the targeted monster\u0027s effects until the end of this turn. You can only use 1 \"Aluber the Jester of Despia\" effect per turn, and only once that turn.",
  "images": [
    "https://images.ygoprodeck.com/images/cards/62962630.jpg"
  ],
  "type": "Monster",
  "attribute": "DARK",
  "atk": 1800,
  "species": "Fairy",
  "monster_type": "",
  "is_pendulum": false,
  "ability": "",
  "has_effect": true,
  "def": 0,
  "level": 4,
  "is_tuner": false
}