{
  "id": 27024795,
  "name": "Alviss of the Nordic Alfar",
  "is_illegal": false,
  "is_custom": false,
  "text": "If only this card is banished by the effect of a \"Nordic\" Link Monster: You can send to the GY, 1 \"Nordic\" monster you control and 2 \"Nordic\" monsters from your Deck, whose total Levels equal 10, then Special Summon 1 \"Aesir\" monster from your Extra Deck. If an \"Aesir\" monster(s) in your possession is sent to your GY by your opponent\u0027s card: You can banish this card from your GY; Special Summon 1 \"Aesir\" monster from your Extra Deck, with a different name from the cards in your GY. You can only use this effect of \"Alviss of the Nordic Alfar\" once per Duel.",
  "images": [
    "https://images.ygoprodeck.com/images/cards/27024795.jpg"
  ],
  "type": "Monster",
  "attribute": "DARK",
  "atk": 1500,
  "species": "Spellcaster",
  "monster_type": "",
  "is_pendulum": false,
  "ability": "",
  "has_effect": true,
  "def": 1000,
  "level": 4,
  "is_tuner": false
}