{
  "id": 43739056,
  "name": "Amanokujaki",
  "is_illegal": false,
  "is_custom": false,
  "text": "You cannot activate the effects of other Special Summoned monsters with the same Attribute as this card. Once per turn, during the Main Phase of this card\u0027s owner (Quick Effect): You can give control of this card to your opponent, then you (the activating player) can make this card become any Attribute until the end of the next turn.",
  "images": [
    "https://images.ygoprodeck.com/images/cards/43739056.jpg"
  ],
  "type": "Monster",
  "attribute": "LIGHT",
  "atk": 1000,
  "species": "Fiend",
  "monster_type": "",
  "is_pendulum": false,
  "ability": "",
  "has_effect": true,
  "def": 1000,
  "level": 3,
  "is_tuner": true
}