{
  "id": 50486289,
  "name": "Amazoness War Chief",
  "is_illegal": false,
  "is_custom": false,
  "text": "If you control no monsters, or all monsters you control are \"Amazoness\" monsters: You can Special Summon this card from your hand. If this card is Normal or Special Summoned: You can Set 1 \"Amazoness\" Spell/Trap or 1 \"Polymerization\" directly from your Deck, also you can only attack with \"Amazoness\" monsters for the rest of this turn. You can only use each effect of \"Amazoness War Chief\" once per turn.",
  "images": [
    "https://images.ygoprodeck.com/images/cards/50486289.jpg"
  ],
  "type": "Monster",
  "attribute": "EARTH",
  "atk": 1900,
  "species": "Warrior",
  "monster_type": "",
  "is_pendulum": false,
  "ability": "",
  "has_effect": true,
  "def": 0,
  "level": 5,
  "is_tuner": false
}