{
  "id": 23965033,
  "name": "Amazoness Augusta",
  "is_illegal": false,
  "is_custom": false,
  "text": "1 \"Amazoness\" Fusion Monster + 1 \"Amazoness\" monster\nIf this card is Fusion Summoned: You can Special Summon 1 \"Amazoness\" monster from your Deck. You can only use this effect of \"Amazoness Augusta\" once per turn. Your opponent cannot target other \"Amazoness\" cards you control with card effects, also they cannot be destroyed by your opponent\u0027s card effects. This card that was Fusion Summoned using \"Amazoness Empress\" and/or \"Amazoness Queen\" as material can make a second attack during each Battle Phase.",
  "images": [
    "https://images.ygoprodeck.com/images/cards/23965033.jpg"
  ],
  "type": "Monster",
  "attribute": "EARTH",
  "atk": 3200,
  "species": "Warrior",
  "monster_type": "Fusion",
  "is_pendulum": false,
  "ability": "",
  "has_effect": true,
  "def": 2800,
  "level": 10,
  "is_tuner": false
}