{
  "id": 30829071,
  "name": "Amazement Ambassador Bufo",
  "is_illegal": false,
  "is_custom": false,
  "text": "When this card is Normal Summoned: You can target 1 \"Attraction\" Trap in your GY and 1 face-up monster your opponent controls; equip that Trap to your opponent\u0027s monster. (Quick Effect): You can target 1 of your \"Attraction\" Traps equipped to a monster; equip it to 1 \"Amazement\" monster you control or 1 face-up monster your opponent controls. You can only use this effect of \"Amazement Ambassador Bufo\" once per turn.",
  "images": [
    "https://images.ygoprodeck.com/images/cards/30829071.jpg"
  ],
  "type": "Monster",
  "attribute": "EARTH",
  "atk": 1600,
  "species": "Beast",
  "monster_type": "",
  "is_pendulum": false,
  "ability": "",
  "has_effect": true,
  "def": 900,
  "level": 3,
  "is_tuner": false
}