{
  "id": 83407038,
  "name": "Amazoness Onslaught",
  "is_illegal": false,
  "is_custom": false,
  "text": "Once per turn, during the Battle Phase: You can Special Summon 1 \"Amazoness\" monster from your hand, and if you do, it gains 500 ATK until the end of this turn (even if this card leaves the field). After damage calculation, if your \"Amazoness\" monster battled an opponent\u0027s monster while this card is already face-up in your Spell \u0026 Trap Zone: You can banish that opponent\u0027s monster. If this card on the field is destroyed and sent to the GY: You can target 1 \"Amazoness\" monster in your GY; Special Summon it.",
  "images": [
    "https://images.ygoprodeck.com/images/cards/83407038.jpg"
  ],
  "type": "Trap",
  "trap_type": "Continuous"
}