{
  "id": 10928224,
  "name": "Amazoness Baby Tiger",
  "is_illegal": false,
  "is_custom": false,
  "text": "This card\u0027s name becomes \"Amazoness Tiger\" while on the field or in the GY. If an \"Amazoness\" monster is Normal or Special Summoned to your field while this card is in your hand or GY: You can Special Summon this card. You can only use this effect of \"Amazoness Baby Tiger\" once per turn. Gains 100 ATK for each \"Amazoness\" card in your GY.",
  "images": [
    "https://images.ygoprodeck.com/images/cards/10928224.jpg"
  ],
  "type": "Monster",
  "attribute": "EARTH",
  "atk": 500,
  "species": "Beast",
  "monster_type": "",
  "is_pendulum": false,
  "ability": "",
  "has_effect": true,
  "def": 500,
  "level": 2,
  "is_tuner": false
}