{
  "id": 67987611,
  "name": "Amazoness Archers",
  "is_illegal": false,
  "is_custom": false,
  "text": "When an opponent\u0027s monster declares an attack, while you control an \"Amazoness\" monster: Change all monsters your opponent currently controls to face-up Attack Position (Flip Effects are not activated), they lose 500 ATK, also they must attack this turn, if able.",
  "images": [
    "https://images.ygoprodeck.com/images/cards/67987611.jpg"
  ],
  "type": "Trap",
  "trap_type": "Normal"
}