{
  "id": 94821366,
  "name": "Amazement Administrator Arlekino",
  "is_illegal": false,
  "is_custom": false,
  "text": "Once per turn: You can banish any number of \"Attraction\" Traps from your GY, then target that many cards your opponent controls; destroy them. You can only use each of the following effects of \"Amazement Administrator Arlekino\" once per turn. If a Trap Card is activated (except during the Damage Step): You can Special Summon this card from your hand. If your opponent Normal or Special Summons a monster(s) (except during the Damage Step): You can target 1 of those face-up monsters they control; equip 1 \"Attraction\" Trap from your Deck to that target.",
  "images": [
    "https://images.ygoprodeck.com/images/cards/94821366.jpg"
  ],
  "type": "Monster",
  "attribute": "DARK",
  "atk": 2600,
  "species": "Psychic",
  "monster_type": "",
  "is_pendulum": false,
  "ability": "",
  "has_effect": true,
  "def": 2200,
  "level": 7,
  "is_tuner": false
}