{
  "id": 25396150,
  "name": "Amazoness Hall",
  "is_illegal": false,
  "is_custom": false,
  "text": "When this card is activated: You can add 1 \"Amazoness\" monster to your hand, or place 1 \"Amazoness\" Pendulum Monster in your Pendulum Zone, from your GY or face-up Extra Deck. If a monster(s) is Special Summoned to your opponent\u0027s field and you control an \"Amazoness\" Monster Card (except during the Damage Step): You can target 1 of those opponent\u0027s monsters; gain LP equal to its ATK. You can only use this effect of \"Amazoness Hall\" once per turn.",
  "images": [
    "https://images.ygoprodeck.com/images/cards/25396150.jpg"
  ],
  "type": "Trap",
  "trap_type": "Continuous"
}