{
  "id": 36591747,
  "name": "Amaze Attraction Thrill Train",
  "is_illegal": false,
  "is_custom": false,
  "text": "Target 1 \"Amazement\" monster you control or 1 face-up monster your opponent controls; equip this card to it. You can activate the following effect, based on which player controls the equipped monster;\n? You: Change the equipped monster\u0027s battle position, and if you do, your opponent chooses 1 \"Attraction\" Trap in your GY for you to Set on your field.\n? Your opponent: Banish the equipped monster until the End Phase.\nYou can only use this effect of \"Amaze Attraction Thrill Train\" once per turn.",
  "images": [
    "https://images.ygoprodeck.com/images/cards/36591747.jpg"
  ],
  "type": "Trap",
  "trap_type": "Normal"
}