{
  "id": 97692972,
  "name": "Amazoness Golden Whip Master",
  "is_illegal": false,
  "is_custom": false,
  "text": "If this card in the Monster Zone is destroyed by battle or card effect: You can place this card in your Pendulum Zone. If an \"Amazoness\" monster(s) is Special Summoned to your field while this card is in your GY (except during the Damage Step): You can place this card in your Pendulum Zone. You can only use each monster effect of \"Amazoness Golden Whip Master\" once per turn.",
  "images": [
    "https://images.ygoprodeck.com/images/cards/97692972.jpg"
  ],
  "type": "Monster",
  "attribute": "EARTH",
  "atk": 2000,
  "species": "Warrior",
  "monster_type": "",
  "is_pendulum": true,
  "ability": "",
  "has_effect": true,
  "def": 1200,
  "level": 5,
  "is_tuner": false,
  "pendulum_text": "\"Amazoness\" monsters you control gain ATK equal to their Level x 100. When an attack is declared involving your \"Amazoness\" monster: You can target 1 Spell/Trap on the field; destroy it. You can only use this effect of \"Amazoness Golden Whip Master\" once per turn.\n[ Monster Effect ] If this card in the Monster Zone is destroyed by battle or card effect: You can place this card in your Pendulum Zone. If an \"Amazoness\" monster(s) is Special Summoned to your field while this card is in your GY (except during the Damage Step): You can place this card in your Pendulum Zone. You can only use each monster effect of \"Amazoness Golden Whip Master\" once per turn.",
  "pendulum_scale_left_blue": 1,
  "pendulum_scale_right_red": 1
}