{
  "id": 67314110,
  "name": "Amazement Attendant Comica",
  "is_illegal": false,
  "is_custom": false,
  "text": "When this card is Normal Summoned: You can Set 1 \"Attraction\" Trap directly from your Deck. (Quick Effect): You can target 1 of your \"Attraction\" Traps equipped to a monster; equip it to 1 \"Amazement\" monster you control or 1 face-up monster your opponent controls. You can only use this effect of \"Amazement Attendant Comica\" once per turn.",
  "images": [
    "https://images.ygoprodeck.com/images/cards/67314110.jpg"
  ],
  "type": "Monster",
  "attribute": "LIGHT",
  "atk": 1400,
  "species": "Machine",
  "monster_type": "",
  "is_pendulum": false,
  "ability": "",
  "has_effect": true,
  "def": 1800,
  "level": 4,
  "is_tuner": false
}