{
  "id": 62480168,
  "name": "Amazoness Hot Spring",
  "is_illegal": false,
  "is_custom": false,
  "text": "When this card is activated: You can add 1 \"Amazoness\" monster to your hand, or place 1 \"Amazoness\" Pendulum Monster in your Pendulum Zone, from your Deck. When you take battle damage while you control an \"Amazoness\" Monster Card: You can gain LP equal to the damage you took. You can only use this effect of \"Amazoness Hot Spring\" once per turn.",
  "images": [
    "https://images.ygoprodeck.com/images/cards/62480168.jpg"
  ],
  "type": "Trap",
  "trap_type": "Continuous"
}