{
  "id": 55262310,
  "name": "Amaze Attraction Rapid Racing",
  "is_illegal": false,
  "is_custom": false,
  "text": "Target 1 \"Amazement\" monster you control or 1 face-up monster your opponent controls; equip this card to it. You can activate the following effect, based on which player controls the equipped monster;\n? You: Target 1 card in your opponent\u0027s GY; change the equipped monster\u0027s battle position, and if you do, shuffle that target into the Deck.\n? Your opponent: Increase the equipped monster\u0027s Level by 1 (until the end of this turn), and if you do, change its battle position.\nYou can only use this effect of \"Amaze Attraction Rapid Racing\" once per turn.",
  "images": [
    "https://images.ygoprodeck.com/images/cards/55262310.jpg"
  ],
  "type": "Trap",
  "trap_type": "Normal"
}