{
  "id": 22662014,
  "name": "Amazement Assistant Delia",
  "is_illegal": false,
  "is_custom": false,
  "text": "You can reveal 1 \"Attraction\" Trap in your hand; Special Summon this card from your hand. You can send 1 \"Attraction\" Trap from your hand or face-up field to the GY; Set 1 \"Attraction\" Trap directly from your Deck to your Spell \u0026 Trap Zone. You can only use each effect of \"Amazement Assistant Delia\" once per turn.",
  "images": [
    "https://images.ygoprodeck.com/images/cards/22662014.jpg"
  ],
  "type": "Monster",
  "attribute": "LIGHT",
  "atk": 1800,
  "species": "Machine",
  "monster_type": "",
  "is_pendulum": false,
  "ability": "",
  "has_effect": true,
  "def": 1400,
  "level": 4,
  "is_tuner": false
}