{
  "id": 70389815,
  "name": "Amazing Time Ticket",
  "is_illegal": false,
  "is_custom": false,
  "text": "Pay 800 LP; apply this effect, depending whose turn it is.\n? Your turn: Add 1 \"Amazement\" card from your Deck to your hand.\n? Your opponent\u0027s turn: Set 1 \"Attraction\" Trap directly from your Deck. It can be activated this turn.\nYou can only activate 1 \"Amazing Time Ticket\" per turn.",
  "images": [
    "https://images.ygoprodeck.com/images/cards/70389815.jpg"
  ],
  "type": "Spell",
  "spell_type": "Quick-Play"
}