{
  "id": 86758746,
  "name": "Amazoness Secret Arts",
  "is_illegal": false,
  "is_custom": false,
  "text": "Fusion Summon 1 \"Amazoness\" Fusion Monster from your Extra Deck, using monsters from your hand or field as Fusion Material. During your Main Phase: You can banish this card from your GY; once, if you would Fusion Summon an \"Amazoness\" Fusion Monster this turn, you can also send 1 \"Amazoness\" monster from your Extra Deck to the GY as material. You can only use 1 \"Amazoness Secret Arts\" effect per turn, and only once that turn.",
  "images": [
    "https://images.ygoprodeck.com/images/cards/86758746.jpg"
  ],
  "type": "Spell",
  "spell_type": "Quick-Play"
}