{
  "id": 31600845,
  "name": "Amazement Abomination Arlekino",
  "is_illegal": false,
  "is_custom": false,
  "text": "If you control an \"Amazement\" monster: You can Special Summon this card from your hand, then you can add 1 \"Amazement Family Faces\" from your Deck or GY to your hand. During your opponent\u0027s turn (Quick Effect): You can target 1 other Effect Monster on the field with more than 0 ATK; shuffle this card into the Deck, and if you do, Special Summon 1 \"Amazement Administrator Arlekino\" from your Deck, then change the ATK of the targeted monster to 0. You can only use each effect of \"Amazement Abomination Arlekino\" once per turn.",
  "images": [
    "https://images.ygoprodeck.com/images/cards/31600845.jpg"
  ],
  "type": "Monster",
  "attribute": "LIGHT",
  "atk": 2600,
  "species": "Psychic",
  "monster_type": "",
  "is_pendulum": false,
  "ability": "",
  "has_effect": true,
  "def": 2200,
  "level": 7,
  "is_tuner": false
}