{
  "id": 31102447,
  "name": "Amazoness Spy",
  "is_illegal": false,
  "is_custom": false,
  "text": "You can reveal 1 other \"Amazoness\" monster in your hand; Special Summon this card from your hand. You can only use this effect of \"Amazoness Spy\" once per turn. When this card is destroyed by battle and sent to the GY: You can target 1 \"Amazoness\" monster in your GY, except \"Amazoness Spy\"; return it to the hand, or shuffle it into the Deck.",
  "images": [
    "https://images.ygoprodeck.com/images/cards/31102447.jpg"
  ],
  "type": "Monster",
  "attribute": "EARTH",
  "atk": 800,
  "species": "Warrior",
  "monster_type": "",
  "is_pendulum": false,
  "ability": "",
  "has_effect": true,
  "def": 1200,
  "level": 3,
  "is_tuner": false
}