{
  "id": 33773528,
  "name": "Amazement Precious Park",
  "is_illegal": false,
  "is_custom": false,
  "text": "During your Main Phase, you can activate 1 \"Attraction\" Trap the turn it was Set. During the End Phase: You can send 1 \"Attraction\" Trap you control equipped to a monster to the GY, then target 1 of your \"Attraction\" Traps, with a different name, that is banished or in your GY; Set that card. You can only use each effect of \"Amazement Precious Park\" once per turn.",
  "images": [
    "https://images.ygoprodeck.com/images/cards/33773528.jpg"
  ],
  "type": "Spell",
  "spell_type": "Field"
}