{
  "id": 93473606,
  "name": "Amaze Attraction Wonder Wheel",
  "is_illegal": false,
  "is_custom": false,
  "text": "Target 1 \"Amazement\" monster you control or 1 face-up monster your opponent controls; equip this card to it. You can activate the following effect, based on which player controls the equipped monster;\n? You: During the Main Phase: Place 1 card from your hand on the bottom of the Deck, then draw 1 card.\n? Your opponent: Switch the equipped monster\u0027s current ATK and DEF until the end of this turn.\nYou can only use this effect of \"Amaze Attraction Wonder Wheel\" once per turn.",
  "images": [
    "https://images.ygoprodeck.com/images/cards/93473606.jpg"
  ],
  "type": "Trap",
  "trap_type": "Normal"
}