{
  "id": 92650018,
  "name": "Amaze Attraction Horror House",
  "is_illegal": false,
  "is_custom": false,
  "text": "Target 1 \"Amazement\" monster you control or 1 face-up monster your opponent controls; equip this card to it. You can activate the following effect, based on which player controls the equipped monster;\n? You: Target 1 Effect Monster your opponent controls; negate its effects until the end of this turn.\n? Your opponent: Change the equipped monster to face-down Defense Position.\nYou can only use this effect of \"Amaze Attraction Horror House\" once per turn.",
  "images": [
    "https://images.ygoprodeck.com/images/cards/92650018.jpg"
  ],
  "type": "Trap",
  "trap_type": "Normal"
}