{
  "id": 97182396,
  "name": "Amaze Attraction Viking Vortex",
  "is_illegal": false,
  "is_custom": false,
  "text": "Target 1 \"Amazement\" monster you control or 1 face-up monster your opponent controls; equip this card to it. You can activate the following effect, based on which player controls the equipped monster;\n? You: Once per turn, when an opponent\u0027s monster declares an attack: Negate the attack, and if you do, change control of the equipped monster until the end of the Battle Phase.\n? Your opponent: When the equipped monster activates its effect: Return it to the hand.",
  "images": [
    "https://images.ygoprodeck.com/images/cards/97182396.jpg"
  ],
  "type": "Trap",
  "trap_type": "Normal"
}