{
  "id": 97870394,
  "name": "Amazoness Spiritualist",
  "is_illegal": false,
  "is_custom": false,
  "text": "If this card is in your hand or GY: You can target 1 \"Amazoness\" card you control, except \"Amazoness Spiritualist\"; you cannot Special Summon monsters from the Extra Deck for the rest of this turn, except \"Amazoness\" monsters, also return the targeted card to the hand, and if you do, Special Summon this card. If this card is Special Summoned: You can add 1 \"Polymerization\" from your Deck to your hand. You can only use each effect of \"Amazoness Spiritualist\" once per turn.",
  "images": [
    "https://images.ygoprodeck.com/images/cards/97870394.jpg"
  ],
  "type": "Monster",
  "attribute": "EARTH",
  "atk": 800,
  "species": "Warrior",
  "monster_type": "",
  "is_pendulum": false,
  "ability": "",
  "has_effect": true,
  "def": 1800,
  "level": 2,
  "is_tuner": false
}