{
  "id": 59353647,
  "name": "Amazoness Pet Liger King",
  "is_illegal": false,
  "is_custom": false,
  "text": "1 Level 5 or higher \"Amazoness\" monster + 1 \"Amazoness\" monster\nMonsters your opponent controls cannot attack monsters, except this one. You can target 1 \"Amazoness\" card you control and 1 Warrior \"Amazoness\" monster in your GY; destroy that card on the field, and if you do, Special Summon that other monster from the GY. This card cannot attack the turn you activate this effect. You can only use this effect of \"Amazoness Pet Liger King\" once per turn.",
  "images": [
    "https://images.ygoprodeck.com/images/cards/59353647.jpg"
  ],
  "type": "Monster",
  "attribute": "EARTH",
  "atk": 2900,
  "species": "Beast",
  "monster_type": "Fusion",
  "is_pendulum": false,
  "ability": "",
  "has_effect": true,
  "def": 2800,
  "level": 9,
  "is_tuner": false
}