{
  "id": 36378213,
  "name": "Ambulanceroid",
  "is_illegal": false,
  "is_custom": false,
  "text": "When a \"roid\" monster is added from your Graveyard to your hand, you can Special Summon that monster.",
  "images": [
    "https://images.ygoprodeck.com/images/cards/36378213.jpg"
  ],
  "type": "Monster",
  "attribute": "EARTH",
  "atk": 300,
  "species": "Machine",
  "monster_type": "",
  "is_pendulum": false,
  "ability": "",
  "has_effect": true,
  "def": 1200,
  "level": 3,
  "is_tuner": false
}