{
  "id": 32687071,
  "name": "Amorphage Sloth",
  "is_illegal": false,
  "is_custom": false,
  "text": "Neither player can Special Summon monsters from the Extra Deck, except \"Amorphage\" monsters.",
  "images": [
    "https://images.ygoprodeck.com/images/cards/32687071.jpg"
  ],
  "type": "Monster",
  "attribute": "EARTH",
  "atk": 2250,
  "species": "Dragon",
  "monster_type": "",
  "is_pendulum": true,
  "ability": "",
  "has_effect": true,
  "def": 0,
  "level": 6,
  "is_tuner": false,
  "pendulum_text": "While you control an \"Amorphage\" monster, neither player can add cards from their Deck to their hand except by drawing them. Once per turn, during your Standby Phase, Tribute 1 monster or destroy this card.\n",
  "pendulum_scale_left_blue": 3,
  "pendulum_scale_right_red": 3
}