{
  "id": 303660,
  "name": "Amplifier",
  "is_illegal": false,
  "is_custom": false,
  "text": "Equip only to \"Jinzo\". While this card is equipped, the equipped monster\u0027s effect does not negate the effects of its controller\u0027s Trap Cards. When this card is removed from the field, destroy the equipped monster. This card\u0027s activation and effect cannot be negated.",
  "images": [
    "https://images.ygoprodeck.com/images/cards/303660.jpg"
  ],
  "type": "Spell",
  "spell_type": "Equip"
}