{
  "id": 61160289,
  "name": "Amunessia, the Ogdoadic Queen",
  "is_illegal": false,
  "is_custom": false,
  "text": "If this card is in your GY: You can Tribute 2 monsters; Special Summon this card. If a monster(s) is Special Summoned from your opponent\u0027s GY (except during the Damage Step): You can send 1 card they control to the GY. If a monster(s) is sent from your opponent\u0027s hand or Deck to the GY (except during the Damage Step): You can Special Summon 1 LIGHT or DARK Reptile monster from your GY, except \"Amunessia, the Ogdoadic Queen\". You can only use each effect of \"Amunessia, the Ogdoadic Queen\" once per turn.",
  "images": [
    "https://images.ygoprodeck.com/images/cards/61160289.jpg"
  ],
  "type": "Monster",
  "attribute": "DARK",
  "atk": 2700,
  "species": "Reptile",
  "monster_type": "",
  "is_pendulum": false,
  "ability": "",
  "has_effect": true,
  "def": 2100,
  "level": 8,
  "is_tuner": false
}