{
  "id": 58324930,
  "name": "Anarchist Monk Ranshin",
  "is_illegal": false,
  "is_custom": false,
  "text": "When this card you control is sent to your Graveyard by your opponent\u0027s card (either by battle, by card effect, or by being destroyed): Target 1 monster in your opponent\u0027s Graveyard; banish that target.",
  "images": [
    "https://images.ygoprodeck.com/images/cards/58324930.jpg"
  ],
  "type": "Monster",
  "attribute": "EARTH",
  "atk": 1800,
  "species": "Spellcaster",
  "monster_type": "",
  "is_pendulum": false,
  "ability": "",
  "has_effect": true,
  "def": 100,
  "level": 4,
  "is_tuner": false
}