{
  "id": 44874522,
  "name": "Ancient Gear Reactor Dragon",
  "is_illegal": false,
  "is_custom": false,
  "text": "If this card that was Tribute Summoned by Tributing an \"Ancient Gear\" monster attacks a Defense Position monster, inflict piercing battle damage to your opponent. If this card was Tribute Summoned by Tributing a \"Gadget\" monster, it can make a second attack during each Battle Phase. If this card attacks, your opponent\u0027s Spell/Trap Cards and monster effects cannot be activated until the end of the Damage Step. At the end of the Damage Step, if this card attacked: You can destroy 1 Spell/Trap Card on the field.",
  "images": [
    "https://images.ygoprodeck.com/images/cards/44874522.jpg"
  ],
  "type": "Monster",
  "attribute": "EARTH",
  "atk": 3000,
  "species": "Machine",
  "monster_type": "",
  "is_pendulum": false,
  "ability": "",
  "has_effect": true,
  "def": 3000,
  "level": 9,
  "is_tuner": false
}