{
  "id": 79582540,
  "name": "Ancient Warriors - Savage Don Ying",
  "is_illegal": false,
  "is_custom": false,
  "text": "While you control a Level 7 or higher \"Ancient Warriors\" monster, your opponent must pay 400 LP to activate a card or effect. You can only use each of the following effects of \"Ancient Warriors - Savage Don Ying\" once per turn. If this card is Normal or Special Summoned: You can add 1 Level 7 or higher \"Ancient Warriors\" monster or 1 \"Ancient Warriors\" Continuous Spell/Trap from your Deck to your hand. If a monster is sent to your opponent\u0027s GY (except during the Damage Step): You can target 1 card in your opponent\u0027s GY; banish it, and if you do, draw 1 card.",
  "images": [
    "https://images.ygoprodeck.com/images/cards/79582540.jpg"
  ],
  "type": "Monster",
  "attribute": "DARK",
  "atk": 2200,
  "species": "Beast-Warrior",
  "monster_type": "",
  "is_pendulum": false,
  "ability": "",
  "has_effect": true,
  "def": 1800,
  "level": 6,
  "is_tuner": false
}