{
  "id": 64061284,
  "name": "Ancient Gear Fusion",
  "is_illegal": false,
  "is_custom": false,
  "text": "Fusion Summon 1 \"Ancient Gear\" Fusion Monster from your Extra Deck, using monsters from your hand or field as Fusion Material. If you use \"Ancient Gear Golem\" or \"Ancient Gear Golem - Ultimate Pound\" you control as Fusion Material, you can also use monsters from your Deck as material.",
  "images": [
    "https://images.ygoprodeck.com/images/cards/64061284.jpg"
  ],
  "type": "Spell",
  "spell_type": "Normal"
}