{
  "id": 10547580,
  "name": "Ancient Gear Ballista",
  "is_illegal": false,
  "is_custom": false,
  "text": "2 EARTH Machine monsters\nIf this card is Link Summoned: You can add 1 \"Ancient Gear\" monster or 1 \"Geartown\" from your Deck to your hand. You can target 1 Spell/Trap you control and 1 face-up monster your opponent controls; destroy that card you control, and if you do, change that opponent\u0027s monster\u0027s ATK/DEF to 0 until the end of the turn. You can only use each effect of \"Ancient Gear Ballista\" once per turn.",
  "images": [
    "https://images.ygoprodeck.com/images/cards/10547580.jpg"
  ],
  "type": "Monster",
  "attribute": "EARTH",
  "atk": 1500,
  "species": "Machine",
  "monster_type": "Link",
  "is_pendulum": false,
  "ability": "",
  "has_effect": true,
  "link_rating": 2,
  "link_arrows": [
    "Bottom-Left",
    "Right"
  ]
}