{
  "id": 2801664,
  "name": "Ancient Warriors - Valiant Zhang De",
  "is_illegal": false,
  "is_custom": false,
  "text": "Gains 300 ATK for each monster your opponent controls, during your turn only. You can only use each of the following effects of \"Ancient Warriors - Valiant Zhang De\" once per turn.\n? If you control 2 or more \"Ancient Warriors\" monsters: You can Special Summon this card from your hand.\n? If your opponent controls more monsters than you do: You can activate this effect; this card can make up to 2 attacks on monsters during each Battle Phase this turn.",
  "images": [
    "https://images.ygoprodeck.com/images/cards/2801664.jpg"
  ],
  "type": "Monster",
  "attribute": "WIND",
  "atk": 2700,
  "species": "Beast-Warrior",
  "monster_type": "",
  "is_pendulum": false,
  "ability": "",
  "has_effect": true,
  "def": 900,
  "level": 7,
  "is_tuner": false
}