{
  "id": 53541822,
  "name": "Ancient Gear Duel",
  "is_illegal": false,
  "is_custom": false,
  "text": "Monsters you control that are \"Ancient Gear Golem\" or mention it are unaffected by your opponent's activated monster effects. If your opponent controls a monster: You can Fusion Summon 1 Fusion Monster from your Extra Deck that mentions \"Ancient Gear Golem\", by banishing its materials from your field and/or GY, including \"Ancient Gear Golem\" you control, and if you do, it can make up to 3 attacks during each Battle Phase. You can only use this effect of \"Ancient Gear Duel\" once per turn.",
  "images": ["https://images.ygoprodeck.com/images/cards/53541822.jpg"],
  "type": "Trap",
  "trap_type": "Continuous"
}
