{
  "id": 6438003,
  "name": "Ancient Warriors - Deceptive Jia Wen",
  "is_illegal": false,
  "is_custom": false,
  "text": "You can target 1 Continuous Spell/Trap you control; send it to the GY, and if you do, halve the ATK of 2 face-up monsters on the field, until the end of this turn. If a card(s) your opponent controls is destroyed by battle or card effect: You can target 1 \"Ancient Warriors\" card in your GY, except \"Ancient Warriors - Deceptive Jia Wen\"; add it to your hand. You can only use each effect of \"Ancient Warriors - Deceptive Jia Wen\" once per turn.",
  "images": [
    "https://images.ygoprodeck.com/images/cards/6438003.jpg"
  ],
  "type": "Monster",
  "attribute": "FIRE",
  "atk": 1100,
  "species": "Beast-Warrior",
  "monster_type": "",
  "is_pendulum": false,
  "ability": "",
  "has_effect": true,
  "def": 1800,
  "level": 4,
  "is_tuner": false
}