{
  "id": 82255872,
  "name": "Ancient Warriors Saga - Chivalrous Path",
  "is_illegal": false,
  "is_custom": false,
  "text": "If an \"Ancient Warriors\" monster(s) would be destroyed by battle, you can send this card to the GY instead. You can only use each of the following effects of \"Ancient Warriors Saga - Chivalrous Path\" once per turn. If your opponent Special Summons a monster(s) (except during the Damage Step): You can Special Summon 1 \"Ancient Warriors Token\" (Beast-Warrior/WIND/Level 1/ATK 500/DEF 500). When a card or effect is activated that targets an \"Ancient Warriors\" monster(s) on the field: You can banish this card from your GY; negate the activation.",
  "images": [
    "https://images.ygoprodeck.com/images/cards/82255872.jpg"
  ],
  "type": "Trap",
  "trap_type": "Continuous"
}