{
  "id": 45115956,
  "name": "Ancient Warriors Saga - Deception and Betrayal",
  "is_illegal": false,
  "is_custom": false,
  "text": "During your Main Phase: You can Special Summon 1 \"Ancient Warriors\" monster from your hand, and if you do, take damage equal to its Level x 100. You can send this face-up card from your Spell \u0026 Trap Zone to the GY, then target 1 \"Ancient Warriors\" monster on the field; change it to any Attribute, then, if you targeted a monster your opponent controls at activation, you can take control of it. You can only use each effect of \"Ancient Warriors Saga - Deception and Betrayal\" once per turn.",
  "images": [
    "https://images.ygoprodeck.com/images/cards/45115956.jpg"
  ],
  "type": "Spell",
  "spell_type": "Continuous"
}