{
  "id": 65711558,
  "name": "Ancient Warriors Oath - Double Dragon Lords",
  "is_illegal": false,
  "is_custom": false,
  "text": "2 Beast-Warrior monsters, including a WIND \"Ancient Warriors\" monster\nAll \"Ancient Warriors\" monsters you control gain 500 ATK/DEF. You can only use each of the following effects of \"Ancient Warriors Oath - Double Dragon Lords\" once per turn. If this card is Link Summoned: You can add 1 \"Ancient Warriors\" card from your Deck to your hand. (Quick Effect): You can send 1 card from your hand or field to the GY, then target 1 face-up card your opponent controls; return it to the hand.",
  "images": [
    "https://images.ygoprodeck.com/images/cards/65711558.jpg"
  ],
  "type": "Monster",
  "attribute": "WIND",
  "atk": 1100,
  "species": "Beast-Warrior",
  "monster_type": "Link",
  "is_pendulum": false,
  "ability": "",
  "has_effect": true,
  "link_rating": 2,
  "link_arrows": [
    "Bottom-Left",
    "Bottom-Right"
  ]
}