{
  "id": 70147689,
  "name": "Ancient Gear Fortress",
  "is_illegal": false,
  "is_custom": false,
  "text": "During the turn they were Normal or Special Summoned, your opponent cannot target \"Ancient Gear\" monsters you control with card effects, and they cannot be destroyed by your opponent\u0027s card effects. Your opponent cannot activate cards or effects in response to the activation of \"Ancient Gear\" cards and effects. If this card is destroyed in the Spell \u0026 Trap Zone: You can Special Summon 1 \"Ancient Gear\" monster from your hand or Graveyard, also you cannot Special Summon monsters for the rest of this turn, except \"Ancient Gear\" monsters.",
  "images": [
    "https://images.ygoprodeck.com/images/cards/70147689.jpg"
  ],
  "type": "Spell",
  "spell_type": "Continuous"
}