{
  "id": 95735217,
  "name": "Ancient Gear Golem - Ultimate Pound",
  "is_illegal": false,
  "is_custom": false,
  "text": "Cannot be Special Summoned. If this card attacks a Defense Position monster, inflict piercing battle damage. Up to twice per turn, when this attacking card destroys a monster by battle: You can discard 1 Machine monster; this card can attack again in a row. If this card on the field is destroyed by battle or card effect: You can add 1 \"Polymerization\" from your Deck to your hand, and if you do, add 1 other \"Ancient Gear\" monster from your GY to your hand.",
  "images": [
    "https://images.ygoprodeck.com/images/cards/95735217.jpg"
  ],
  "type": "Monster",
  "attribute": "EARTH",
  "atk": 3000,
  "species": "Machine",
  "monster_type": "",
  "is_pendulum": false,
  "ability": "",
  "has_effect": true,
  "def": 3000,
  "level": 8,
  "is_tuner": false
}