{
  "id": 87182127,
  "name": "Ancient Gear Howitzer",
  "is_illegal": false,
  "is_custom": false,
  "text": "2 \"Ancient Gear\" monsters\nUnaffected by other cards\u0027 effects. During your Main Phase: You can inflict 1000 damage to your opponent. You can only use this effect of \"Ancient Gear Howitzer\" once per turn. If this card is destroyed by battle and sent to the Graveyard: You can Special Summon 1 \"Ancient Gear\" monster from your Deck, ignoring its Summoning conditions.",
  "images": [
    "https://images.ygoprodeck.com/images/cards/87182127.jpg"
  ],
  "type": "Monster",
  "attribute": "EARTH",
  "atk": 1000,
  "species": "Machine",
  "monster_type": "Fusion",
  "is_pendulum": false,
  "ability": "",
  "has_effect": true,
  "def": 1800,
  "level": 8,
  "is_tuner": false
}