{
  "id": 30435145,
  "name": "Ancient Gear Factory",
  "is_illegal": false,
  "is_custom": false,
  "text": "Reveal 1 Level 5 or higher \"Ancient Gear\" monster from your hand, then banish a number of \"Ancient Gear\" monsters from your Graveyard, whose combined Levels are double the revealed monster\u0027s, and if you do, if you Normal Summon the revealed monster this turn, you must Normal Smmon it without Tributing.",
  "images": [
    "https://images.ygoprodeck.com/images/cards/30435145.jpg"
  ],
  "type": "Spell",
  "spell_type": "Normal"
}