{
  "id": 33545259,
  "name": "Ancient Warriors - Ambitious Cao De",
  "is_illegal": false,
  "is_custom": false,
  "text": "While you control another \"Ancient Warriors\" monster, your opponent cannot target this card with card effects, also it cannot be destroyed by your opponent\u0027s card effects. You can only use each of the following effects of \"Ancient Warriors - Ambitious Cao De\" once per turn.\n? If a card(s) your opponent controls is destroyed by battle or card effect: You can send 1 other card from your hand or field to the GY; Special Summon this card from your hand.\n? When this card destroys an opponent\u0027s monster by battle and sends it to the GY: You can Special Summon that monster to your field in Defense Position.",
  "images": [
    "https://images.ygoprodeck.com/images/cards/33545259.jpg"
  ],
  "type": "Monster",
  "attribute": "FIRE",
  "atk": 3000,
  "species": "Beast-Warrior",
  "monster_type": "",
  "is_pendulum": false,
  "ability": "",
  "has_effect": true,
  "def": 2500,
  "level": 8,
  "is_tuner": false
}