{
  "id": 54912977,
  "name": "Ancient Lamp",
  "is_illegal": false,
  "is_custom": false,
  "text": "During your Main Phase: You can Special Summon \"La Jinn the Mystical Genie of the Lamp\" from your hand. This card must be face-up on the field to activate and to resolve this effect. Before damage calculation, if this card is being attacked by an opponent\u0027s monster, and was face-down at the start of the Damage Step: You can target 1 monster your opponent controls, except the attacking monster; the attacking monster attacks it instead, and you proceed to damage calculation.",
  "images": [
    "https://images.ygoprodeck.com/images/cards/54912977.jpg"
  ],
  "type": "Monster",
  "attribute": "WIND",
  "atk": 900,
  "species": "Spellcaster",
  "monster_type": "",
  "is_pendulum": false,
  "ability": "",
  "has_effect": true,
  "def": 1400,
  "level": 3,
  "is_tuner": false
}