{
  "id": 77539547,
  "name": "Ancient Warriors - Graceful Zhou Gong",
  "is_illegal": false,
  "is_custom": false,
  "text": "You can target 1 Continuous Spell/Trap you control; send it to the GY, and if you do, add 1 \"Ancient Warriors\" Spell/Trap from your Deck to your hand. If your other \"Ancient Warriors\" monster\u0027s effect is activated (except during the Damage Step): You can target 1 Effect Monster your opponent controls; negate its effects until the end of this turn. You can only use each effect of \"Ancient Warriors - Graceful Zhou Gong\" once per turn.",
  "images": [
    "https://images.ygoprodeck.com/images/cards/77539547.jpg"
  ],
  "type": "Monster",
  "attribute": "WATER",
  "atk": 1600,
  "species": "Beast-Warrior",
  "monster_type": "",
  "is_pendulum": false,
  "ability": "",
  "has_effect": true,
  "def": 1600,
  "level": 4,
  "is_tuner": false
}