{
  "id": 32422602,
  "name": "Ancient Warriors - Ingenious Zhuge Kong",
  "is_illegal": false,
  "is_custom": false,
  "text": "If this card is added from the Deck to your hand by the effect of an \"Ancient Warriors\" card: You can Special Summon it. When a Spell/Trap Card is activated (Quick Effect): You can send 1 face-up \"Ancient Warriors\" Continuous Spell/Trap you control to the GY; negate the activation. When a monster effect is activated while you control \"Ancient Warriors - Virtuous Liu Xuan\" (Quick Effect): You can send 1 face-up \"Ancient Warriors\" Continuous Spell/Trap you control to the GY; negate the activation. You can only use each effect of \"Ancient Warriors - Ingenious Zhuge Kong\" once per turn.",
  "images": [
    "https://images.ygoprodeck.com/images/cards/32422602.jpg"
  ],
  "type": "Monster",
  "attribute": "WIND",
  "atk": 1000,
  "species": "Beast-Warrior",
  "monster_type": "",
  "is_pendulum": false,
  "ability": "",
  "has_effect": true,
  "def": 2000,
  "level": 4,
  "is_tuner": false
}