{
  "id": 40140448,
  "name": "Ancient Warriors - Masterful Sun Mou",
  "is_illegal": false,
  "is_custom": false,
  "text": "While you control another \"Ancient Warriors\" monster, your opponent\u0027s monsters cannot target this card for attacks. You can only use each of the following effects of \"Ancient Warriors - Masterful Sun Mou\" once per turn.\n? You can send 1 card from your hand or field to the GY; add 1 \"Ancient Warriors\" monster from your Deck to your hand, except \"Ancient Warriors - Masterful Sun Mou\".\n? If your other \"Ancient Warriors\" monster\u0027s effect is activated (except during the Damage Step): You can target 1 monster your opponent controls; return it to the hand.",
  "images": [
    "https://images.ygoprodeck.com/images/cards/40140448.jpg"
  ],
  "type": "Monster",
  "attribute": "WATER",
  "atk": 1800,
  "species": "Beast-Warrior",
  "monster_type": "",
  "is_pendulum": false,
  "ability": "",
  "has_effect": true,
  "def": 1500,
  "level": 4,
  "is_tuner": false
}