{
  "id": 64603182,
  "name": "Ancient Gear Dark Golem",
  "is_illegal": false,
  "is_custom": false,
  "text": "This card's name becomes \"Ancient Gear Golem\" while on the field or in the GY. If this card is Normal or Special Summoned: You can activate this effect; you cannot Set cards for the rest of this turn, also add up to 2 \"Ancient Gear\" cards and/or \"Geartown\" from your Deck to your hand, except \"Ancient Gear Dark Golem\", then discard 1 card. You can only use this effect of \"Ancient Gear Dark Golem\" once per turn. If this card attacks, your opponent cannot activate Spell/Trap Cards until the end of the Damage Step.",
  "images": ["https://images.ygoprodeck.com/images/cards/64603182.jpg"],
  "type": "Monster",
  "attribute": "EARTH",
  "atk": 3000,
  "species": "Machine",
  "monster_type": "",
  "is_pendulum": false,
  "ability": "",
  "has_effect": true,
  "def": 3000,
  "level": 8,
  "is_tuner": false
}
