{
  "id": 18486927,
  "name": "Ancient Gear Gadget",
  "is_illegal": false,
  "is_custom": false,
  "text": "If this card is Normal or Special Summoned: You can declare 1 card type (Monster, Spell, or Trap); this turn, if a monster you control attacks, your opponent\u0027s Spell Cards, Trap Cards, or monster effects (whichever was declared) cannot be activated until the end of the Damage Step. Once per turn: You can declare 1 \"Gadget\" monster\u0027s card name; until the End Phase, this card\u0027s name becomes that name.",
  "images": [
    "https://images.ygoprodeck.com/images/cards/18486927.jpg"
  ],
  "type": "Monster",
  "attribute": "EARTH",
  "atk": 500,
  "species": "Machine",
  "monster_type": "",
  "is_pendulum": false,
  "ability": "",
  "has_effect": true,
  "def": 2000,
  "level": 4,
  "is_tuner": false
}