{
  "id": 53266486,
  "name": "Anesthrokket Dragon",
  "is_illegal": false,
  "is_custom": false,
  "text": "When a Link Monster\u0027s effect is activated that targets this face-up card on the field (Quick Effect): You can destroy this card, then make 1 face-up monster on the field unable to attack, also it has its effects negated. During the End Phase, if this card is in the GY because it was destroyed on the field by battle or card effect and sent there this turn: You can Special Summon 1 \"Rokket\" monster from your Deck, except \"Anesthrokket Dragon\". You can only use each effect of \"Anesthrokket Dragon\" once per turn.",
  "images": [
    "https://images.ygoprodeck.com/images/cards/53266486.jpg"
  ],
  "type": "Monster",
  "attribute": "DARK",
  "atk": 0,
  "species": "Dragon",
  "monster_type": "",
  "is_pendulum": false,
  "ability": "",
  "has_effect": true,
  "def": 2200,
  "level": 1,
  "is_tuner": false
}