{
  "id": 40678060,
  "name": "Angelica's Angelic Ring",
  "is_illegal": false,
  "is_custom": false,
  "text": "Equip only to a monster you control equipped with an Equip Card. You can only control 1 \"Angelica's Angelic Ring\". Each turn, negate the effect of your opponent's first Spell Card or effect that resolves. Once per turn, while this card is equipped to a monster: You can gain 500 LP, then destroy this card, and if you do, your opponent cannot target the monster this card was equipped to with card effects, while it is face-up in the Monster Zone.",
  "images": ["https://images.ygoprodeck.com/images/cards/40678060.jpg"],
  "type": "Spell",
  "spell_type": "Equip"
}
