{
  "id": 44822037,
  "name": "Angel Statue - Azurune",
  "is_illegal": false,
  "is_custom": false,
  "text": "Special Summon this card as an Effect Monster (Fairy/LIGHT/Level 4/ATK 1800/DEF 1800). (This card is also still a Trap.) Once per turn, when your opponent would Special Summon a monster(s) while this card is in your Monster Zone: You can send to the GY, 1 Continuous Trap in your Monster Zone that was Special Summoned from the Spell \u0026 Trap Zone; negate the Summon, and if you do, destroy that monster(s). When this card in the Monster Zone is destroyed by battle: You can destroy the monster that destroyed this card.",
  "images": [
    "https://images.ygoprodeck.com/images/cards/44822037.jpg"
  ],
  "type": "Trap",
  "trap_type": "Continuous"
}