{
  "id": 82243738,
  "name": "Angel O1",
  "is_illegal": false,
  "is_custom": false,
  "text": "You can Special Summon this card (from your hand) by revealing 1 Level 7 or higher monster from your hand. You can only Special Summon \"Angel O1\" once per turn this way. While you control this Special Summoned card, you can Tribute Summon 1 Level 7 or higher monster in Attack Position during your Main Phase, in addition to your Normal Summon/Set. (You can only gain this effect once per turn.)",
  "images": [
    "https://images.ygoprodeck.com/images/cards/82243738.jpg"
  ],
  "type": "Monster",
  "attribute": "LIGHT",
  "atk": 200,
  "species": "Fairy",
  "monster_type": "",
  "is_pendulum": false,
  "ability": "",
  "has_effect": true,
  "def": 300,
  "level": 1,
  "is_tuner": false
}