{
  "id": 36320744,
  "name": "Angelica, Princess of Noble Arms",
  "is_illegal": false,
  "is_custom": false,
  "text": "1 Tuner + 1+ non-Tuner monsters\r\nIf this card is Special Summoned: You can add 1 \"Horn of Olifant\", or 1 card that mentions \"Infernoble Knight Emperor Charles\", from your Deck to your hand. When a card or effect is activated that targets this card on the field, or when this card is targeted for an attack (Quick Effect): You can send 1 FIRE Warrior monster from your Deck to the GY, and if you do, banish this card (until the End Phase), then you can Special Summon 1 \"Roland\" monster from your Deck or Extra Deck. You can only use each effect of \"Angelica, Princess of Noble Arms\" once per turn.",
  "images": ["https://images.ygoprodeck.com/images/cards/36320744.jpg"],
  "type": "Monster",
  "attribute": "FIRE",
  "atk": 1200,
  "species": "Warrior",
  "monster_type": "Synchro",
  "is_pendulum": false,
  "ability": "",
  "has_effect": true,
  "def": 2400,
  "level": 5,
  "is_tuner": false
}
