{
  "id": 56784842,
  "name": "Angel O7",
  "is_illegal": false,
  "is_custom": false,
  "text": "When this card is Tribute Summoned, it gains the following effect: ? The effects of Effect Monsters cannot be activated.",
  "images": [
    "https://images.ygoprodeck.com/images/cards/56784842.jpg"
  ],
  "type": "Monster",
  "attribute": "LIGHT",
  "atk": 2500,
  "species": "Fairy",
  "monster_type": "",
  "is_pendulum": false,
  "ability": "",
  "has_effect": true,
  "def": 1500,
  "level": 7,
  "is_tuner": false
}