{
  "id": 65612386,
  "name": "Angmarl the Fiendish Monarch",
  "is_illegal": false,
  "is_custom": false,
  "text": "When this card is Tribute Summoned: You can banish 1 Spell Card from your Graveyard; add 1 card with the same name as the banished Spell Card from your Deck to your hand.",
  "images": [
    "https://images.ygoprodeck.com/images/cards/65612386.jpg"
  ],
  "type": "Monster",
  "attribute": "DARK",
  "atk": 2400,
  "species": "Fiend",
  "monster_type": "",
  "is_pendulum": false,
  "ability": "",
  "has_effect": true,
  "def": 1000,
  "level": 6,
  "is_tuner": false
}