{
  "id": 98022050,
  "name": "Animadorned Archosaur",
  "is_illegal": false,
  "is_custom": false,
  "text": "If this card is Normal or Special Summoned: You can destroy 1 Dinosaur monster in your hand or face-up field, except \"Animadorned Archosaur\", then add 1 Reptile, Sea Serpent, or Winged Beast monster with the same original Level as that destroyed monster, OR 1 \"Evolution Pill\" Spell, from your Deck to your hand. You can only use this effect of \"Animadorned Archosaur\" once per turn.",
  "images": [
    "https://images.ygoprodeck.com/images/cards/98022050.jpg"
  ],
  "type": "Monster",
  "attribute": "LIGHT",
  "atk": 0,
  "species": "Dinosaur",
  "monster_type": "",
  "is_pendulum": false,
  "ability": "",
  "has_effect": true,
  "def": 0,
  "level": 1,
  "is_tuner": false
}