{
  "id": 29603180,
  "name": "Annihilator Archfiend",
  "is_illegal": false,
  "is_custom": false,
  "text": "You can target 1 card you control and 1 card your opponent controls; destroy them, and if you destroyed a face-up Fiend monster(s) by this effect, this card gains ATK equal to half the Fiend monster(s)\u0027s original ATK, until the end of this turn. You can only use this effect of \"Annihilator Archfiend\" once per turn.",
  "images": [
    "https://images.ygoprodeck.com/images/cards/29603180.jpg"
  ],
  "type": "Monster",
  "attribute": "DARK",
  "atk": 2000,
  "species": "Fiend",
  "monster_type": "",
  "is_pendulum": false,
  "ability": "",
  "has_effect": true,
  "def": 3000,
  "level": 9,
  "is_tuner": false
}