{
  "id": 47484352,
  "name": "Anotherverse Dragon",
  "is_illegal": false,
  "is_custom": false,
  "text": "\u0027\u0027This secretive dragon has conquered many dimensions, but can only be seen by the champion of time.\u0027\u0027",
  "images": [
    "https://images.ygoprodeck.com/images/cards/47484352.jpg"
  ],
  "type": "Monster",
  "attribute": "LIGHT",
  "atk": 2500,
  "species": "Dragon",
  "monster_type": "",
  "is_pendulum": false,
  "ability": "",
  "has_effect": true,
  "def": 2000,
  "level": 8,
  "is_tuner": false
}