{
  "id": 58844135,
  "name": "Antihuman Intelligence ME-PSY-YA",
  "is_illegal": false,
  "is_custom": false,
  "text": "You can reveal this card in your hand; add 1 other Pendulum Monster from your hand, or 1 card from your Pendulum Zone, to its owner\u0027s Extra Deck face-up, and if you do, Special Summon this card. You can only use this effect of \"Antihuman Intelligence ME-PSY-YA\" once per turn. If another monster(s) is Normal or Special Summoned while you control this card: Send that monster(s) to the GY during the End Phase of this turn.",
  "images": [
    "https://images.ygoprodeck.com/images/cards/58844135.jpg"
  ],
  "type": "Monster",
  "attribute": "LIGHT",
  "atk": 2500,
  "species": "Cyberse",
  "monster_type": "",
  "is_pendulum": true,
  "ability": "",
  "has_effect": true,
  "def": 3000,
  "level": 8,
  "is_tuner": false,
  "pendulum_text": "Any card sent to the GY is banished instead, except Monster Cards.\n[ Monster Effect ] You can reveal this card in your hand; add 1 other Pendulum Monster from your hand, or 1 card from your Pendulum Zone, to its owner\u0027s Extra Deck face-up, and if you do, Special Summon this card. You can only use this effect of \"Antihuman Intelligence ME-PSY-YA\" once per turn. If another monster(s) is Normal or Special Summoned while you control this card: Send that monster(s) to the GY during the End Phase of this turn.",
  "pendulum_scale_left_blue": 0,
  "pendulum_scale_right_red": 0
}