{
  "id": 85888377,
  "name": "Apophis the Swamp Deity",
  "is_illegal": false,
  "is_custom": false,
  "text": "During the Main Phase: Special Summon this card as a Normal Monster (Reptile/EARTH/Level 6/ATK 2000/DEF 2200) (this card is also still a Trap), then you can negate the effects of face-up cards your opponent controls, up to the number of other Continuous Traps you control, until the end of this turn.",
  "images": [
    "https://images.ygoprodeck.com/images/cards/85888377.jpg"
  ],
  "type": "Trap",
  "trap_type": "Continuous"
}