{
  "id": 43341600,
  "name": "Apple of Enlightenment",
  "is_illegal": false,
  "is_custom": false,
  "text": "Target cards in your opponent\u0027s GY, up to the number of \"Valkyrie\" monsters you control; banish them. If this Set card in its owner\u0027s control has left the field because of an opponent\u0027s effect, and is now in the GY or banished: You can draw cards equal to the number of \"Valkyrie\" monsters you control +1.",
  "images": [
    "https://images.ygoprodeck.com/images/cards/43341600.jpg"
  ],
  "type": "Trap",
  "trap_type": "Normal"
}