{
  "id": 78225596,
  "name": "Appliancer Celtopus",
  "is_illegal": false,
  "is_custom": false,
  "text": "2 \"Appliancer\" monsters\nThis linked card cannot be targeted by your opponent\u0027s card effects, or their monsters\u0027 attacks. During damage calculation, if an \"Appliancer\" Link Monster you control co-linked to this card battles an opponent\u0027s monster: Your battling monster gains ATK equal to the number of monsters co-linked to this card x 1000, during that damage calculation only. Once per turn, if an \"Appliancer\" Link Monster(s) you control that is not co-linked to this card is destroyed by battle or card effect: You can draw 1 card.",
  "images": [
    "https://images.ygoprodeck.com/images/cards/78225596.jpg"
  ],
  "type": "Monster",
  "attribute": "DARK",
  "atk": 0,
  "species": "Machine",
  "monster_type": "Link",
  "is_pendulum": false,
  "ability": "",
  "has_effect": true,
  "link_rating": 2,
  "link_arrows": [
    "Bottom-Left",
    "Bottom"
  ]
}