{
  "id": 4729591,
  "name": "Appliancer Kappa Scale",
  "is_illegal": false,
  "is_custom": false,
  "text": "1 \"Appliancer\" monster\nCannot be used as Link Material the turn it is Link Summoned. You can Tribute this co-linked card; Special Summon 1 \"Appliancer\" Link Monster from your GY, except \"Appliancer Kappa Scale\". You can Tribute this card that is not co-linked; Special Summon 1 Level 4 or lower \"Appliancer\" monster from your GY. You can only use each effect of \"Appliancer Kappa Scale\" once per turn.",
  "images": [
    "https://images.ygoprodeck.com/images/cards/4729591.jpg"
  ],
  "type": "Monster",
  "attribute": "WATER",
  "atk": 0,
  "species": "Machine",
  "monster_type": "Link",
  "is_pendulum": false,
  "ability": "",
  "has_effect": true,
  "link_rating": 1,
  "link_arrows": [
    "Top"
  ]
}