{
  "id": 27157996,
  "name": "Appliancer Conversion",
  "is_illegal": false,
  "is_custom": false,
  "text": "Banish as many \"Appliancer\" Link Monsters from your Main Monster Zone as possible, then you can Special Summon your banished \"Appliancer\" Link Monsters up to the number banished by this effect. During your Main Phase, if this card is in your GY, except the turn it was sent there: You can banish 1 other \"Appliancer\" Spell/Trap from your GY; add this card to your hand. You can only use each effect of \"Appliancer Conversion\" once per turn.",
  "images": [
    "https://images.ygoprodeck.com/images/cards/27157996.jpg"
  ],
  "type": "Spell",
  "spell_type": "Quick-Play"
}