{
  "id": 64977888,
  "name": "Apprentice Piper",
  "is_illegal": false,
  "is_custom": false,
  "text": "FLIP: You can Special Summon 1 monster from your hand.\nIf this card is destroyed by battle or card effect and sent to the Graveyard: You can Special Summon 1 monster from your hand.",
  "images": [
    "https://images.ygoprodeck.com/images/cards/64977888.jpg"
  ],
  "type": "Monster",
  "attribute": "DARK",
  "atk": 100,
  "species": "Spellcaster",
  "monster_type": "",
  "is_pendulum": false,
  "ability": "Flip",
  "has_effect": true,
  "def": 1500,
  "level": 2,
  "is_tuner": false
}